-- phpMyAdmin SQL Dump
-- version 4.0.10.7
-- http://www.phpmyadmin.net
--
-- Palvelin: localhost
-- Luontiaika: 17.01.2016 klo 07:35
-- Palvelimen versio: 5.5.45-cll-lve
-- PHP:n versio: 5.4.31

SET SQL_MODE = "NO_AUTO_VALUE_ON_ZERO";
SET time_zone = "+00:00";


/*!40101 SET @OLD_CHARACTER_SET_CLIENT=@@CHARACTER_SET_CLIENT */;
/*!40101 SET @OLD_CHARACTER_SET_RESULTS=@@CHARACTER_SET_RESULTS */;
/*!40101 SET @OLD_COLLATION_CONNECTION=@@COLLATION_CONNECTION */;
/*!40101 SET NAMES utf8 */;

--
-- Tietokanta: `RecordDB`
--

-- --------------------------------------------------------

--
-- Rakenne taululle `Categories`
--

CREATE TABLE IF NOT EXISTS `Categories` (
  `ID` int(11) NOT NULL AUTO_INCREMENT,
  `name` text NOT NULL,
  PRIMARY KEY (`ID`)
) ENGINE=InnoDB  DEFAULT CHARSET=latin1 AUTO_INCREMENT=7 ;

--
-- Vedos taulusta `Categories`
--

INSERT INTO `Categories` (`ID`, `name`) VALUES
(1, 'Full party'),
(2, 'Unrestricted'),
(3, 'Solo'),
(4, 'Duo'),
(5, 'Trio'),
(6, 'Quadro');

-- --------------------------------------------------------

--
-- Rakenne taululle `Characters`
--

CREATE TABLE IF NOT EXISTS `Characters` (
  `ID` int(11) NOT NULL AUTO_INCREMENT,
  `name` text NOT NULL,
  `profession` int(11) NOT NULL,
  `player` int(11) NOT NULL,
  PRIMARY KEY (`ID`),
  KEY `player` (`player`),
  KEY `profession` (`profession`)
) ENGINE=InnoDB  DEFAULT CHARSET=latin1 AUTO_INCREMENT=385 ;

--
-- Vedos taulusta `Characters`
--

INSERT INTO `Characters` (`ID`, `name`, `profession`, `player`) VALUES
(1, 'Yujisa', 8, 1),
(2, 'Fontys', 4, 2),
(3, 'Derpy Saurus', 1, 3),
(4, 'Lumen Phoenix', 1, 4),
(5, 'Mía Swift', 7, 5),
(7, 'Wethospu Braveheart', 8, 6),
(8, 'Maliciá', 7, 12),
(9, 'Arcane Spoj', 1, 28),
(10, 'Lena Arrow', 8, 9),
(11, 'Sierra Trinity', 1, 27),
(12, 'Jerem The Illusion', 4, 8),
(13, 'Casual Elite Koptev', 1, 10),
(14, 'Black Eternity', 4, 31),
(15, 'Small Hater', 8, 32),
(16, 'Little Toasty', 1, 33),
(17, 'Mango Samba', 1, 35),
(18, 'Little Play Bunny', 4, 37),
(19, 'Diana Moonlord', 4, 1),
(20, 'Siria Palis (Renamed)', 8, 5),
(21, 'Spoj Of Torment', 4, 28),
(22, 'Unknown Warrior', 8, 44),
(23, 'Unknown Thief', 7, 44),
(24, 'Unknown Ranger', 6, 44),
(25, 'Unknown Necromancer', 5, 44),
(26, 'Unknown Mesmer', 4, 44),
(27, 'Unknown Guardian', 3, 44),
(28, 'Unknown Engineer', 2, 44),
(29, 'Unknown Elementalist', 1, 44),
(30, 'Particlar', 1, 45),
(31, 'Goku En', 1, 19),
(32, 'Brandstorm', 1, 78),
(33, 'Ghostaloempah', 1, 11),
(34, 'Arcolithe Zolt', 4, 9),
(35, 'Yerissy ', 7, 80),
(37, 'Sam Ajesté', 1, 49),
(38, 'Encinia', 1, 12),
(41, 'Jerem The Great', 1, 8),
(42, 'Jerem The Light', 3, 8),
(43, 'Aurora Königslicht', 8, 27),
(44, 'Elsee Shinigami', 4, 29),
(45, 'Mighty Breke', 1, 81),
(46, 'Alathaer', 8, 82),
(47, 'Léks', 1, 79),
(48, 'Elements of Death', 1, 21),
(49, 'Axias', 8, 20),
(50, 'Blaze It Abe', 1, 50),
(51, 'Samantha Martinez', 3, 11),
(52, 'Goku Destroys U', 8, 19),
(53, 'Candy L Assassine', 7, 57),
(54, 'Zara Blaze', 1, 51),
(55, 'Wind Ghosti', 6, 11),
(56, 'Selene Arvine', 8, 15),
(57, 'Nimmi Van Fay', 1, 16),
(58, 'Meadra Die Heldin', 7, 161),
(59, 'Kira Ceyil', 3, 158),
(60, 'Elijah Windflower', 1, 246),
(61, 'Shatter Your Dreams', 4, 51),
(62, 'Eara Ignigena', 1, 33),
(63, 'Serica Flarix', 1, 59),
(64, 'Vriâs', 7, 75),
(65, 'Selena Heartseeker', 7, 22),
(66, 'Mystic Ysu', 1, 25),
(67, 'Thul Za Wrong', 3, 26),
(68, 'Shunra Vandella', 1, 24),
(69, 'Fee Nomenale', 8, 23),
(70, 'Fabiana Velvet', 4, 128),
(71, 'Sam Wuvs Lb', 8, 97),
(72, 'Mizuq The Yeti', 1, 251),
(73, 'Brreke', 8, 81),
(74, 'Cptn Obvious', 7, 245),
(75, 'Lets Try To Die', 8, 53),
(76, 'Great Hater', 3, 32),
(77, 'Deathly Eternity', 7, 31),
(78, 'Negative Dps', 6, 3),
(79, 'I Sweet N Sassy I', 7, 37),
(80, 'Ryorco Marm', 1, 54),
(81, 'Casual Sarah', 3, 55),
(82, 'Syl Sy', 8, 56),
(83, 'Braia Eiswind', 8, 33),
(84, 'Candy Stacks Retal', 1, 57),
(85, 'Deathly Yuno', 1, 31),
(86, 'Divine Fervor', 3, 76),
(87, 'Lucernal', 1, 76),
(88, 'Quaggan Of Shadows', 7, 58),
(89, 'Kylar Qurinus', 8, 59),
(90, 'Aeie', 1, 60),
(91, 'Double Pistol Op', 7, 51),
(92, 'Bati', 7, 240),
(93, 'Maghilia', 1, 30),
(94, 'Juelz Deluxe', 1, 241),
(95, 'Thielaya', 3, 61),
(96, 'Grimkram', 8, 41),
(97, 'Blast My Lightfield', 3, 41),
(98, 'Glory Peach', 1, 242),
(99, 'Staff Guard', 3, 62),
(100, 'Inspector Boom Boom', 2, 63),
(101, 'Animus Infernim', 8, 64),
(102, 'Leon Paroyxsm', 1, 65),
(103, 'Subï', 1, 36),
(104, 'Darkside Candy', 7, 57),
(105, 'Grand Hater', 1, 32),
(106, 'Thilanka', 7, 67),
(107, 'Deadmuffy', 1, 68),
(108, 'Rumpo The Keeper', 8, 77),
(109, 'Mhenlo Dk', 3, 69),
(110, 'Spoj', 5, 28),
(111, 'Kottis Renatus', 4, 60),
(112, 'Dual Ez', 1, 70),
(113, 'Mini Black Eternity', 4, 31),
(114, 'Deathlyhearts', 8, 31),
(115, 'Deathly Sinon', 3, 31),
(116, 'Deathly Asuna', 7, 31),
(117, 'Lina Heartfilia', 7, 74),
(118, 'Vansebros', 8, 73),
(119, 'Mila Wii', 1, 71),
(120, 'Alenka Ayra', 1, 72),
(121, 'Hatred Ez', 3, 70),
(122, 'Obito Ez', 8, 70),
(123, 'Dual Assa', 7, 70),
(124, 'Faith Ez', 4, 70),
(127, 'Sesshi No Sora', 1, 56),
(128, 'Laxà', 7, 20),
(129, 'Mikas Alpaca', 3, 87),
(130, 'Banner Of Defense', 8, 21),
(131, 'Ghostiphobos', 8, 11),
(132, 'Cynn Dk', 1, 69),
(133, 'Sam Salad Head', 1, 97),
(134, 'Eserinda', 3, 73),
(135, 'Vrael Ayra', 8, 72),
(136, 'Lydia Heartfilia', 1, 74),
(137, 'Slashing Toast', 8, 33),
(138, 'Thalianka', 3, 67),
(139, 'Here For The Blasts', 1, 51),
(140, 'Pixie Mellow', 1, 90),
(141, 'Boryd', 3, 91),
(142, 'Lokohh', 8, 92),
(143, 'Badarka Goes Ele', 1, 93),
(144, 'Aranae', 1, 94),
(145, 'Tmoo', 7, 95),
(146, 'Delvert', 4, 96),
(147, 'Zytt Van Gherwen', 1, 230),
(148, 'Nousaria', 1, 253),
(149, 'Wächter Xeraion', 3, 256),
(150, 'Alckatar', 3, 233),
(151, 'Tarok Eisenfaust', 8, 254),
(152, 'Zorkoma', 3, 100),
(153, 'Charlie Ihl', 2, 101),
(154, 'Berserk Mode', 8, 102),
(155, 'Tákumi', 1, 103),
(156, 'Bright Skyblade', 3, 104),
(157, 'Tákú', 2, 103),
(158, 'Nicks Warrior', 8, 105),
(159, 'Feronni', 1, 100),
(160, 'Johnny Howitzer', 1, 102),
(161, 'Dark Doomster', 2, 104),
(162, 'Aseara', 8, 106),
(163, 'Arathorian', 8, 109),
(164, 'Inneal Draoi', 2, 108),
(165, 'Mr Charr Ranger', 3, 107),
(166, 'The Alchemy', 1, 110),
(167, 'Blathlach', 1, 111),
(168, 'Draglette', 1, 112),
(169, 'Umbra Schattenmähne', 7, 113),
(170, 'Cynn Soulpyre', 1, 114),
(171, 'Elemental Terror', 1, 82),
(172, 'Âxs', 3, 20),
(173, 'Perryy', 7, 21),
(174, 'Mental Ellie', 1, 106),
(175, 'Blazing Jive', 1, 35),
(176, 'Sübi', 7, 36),
(177, 'Nooj Saibot', 8, 115),
(180, 'Ather', 3, 35),
(181, 'Incendio Regina', 1, 62),
(182, 'Sum Ding Wong', 1, 63),
(183, 'Rhea Megera', 1, 118),
(184, 'Waylyn', 8, 119),
(185, 'Jawtooth Bloodclaw', 1, 119),
(186, 'Hel Hecate', 4, 118),
(187, 'Spam Hundred Blades', 8, 63),
(188, 'Jr Rambo', 4, 67),
(189, 'Sneaky Eraser', 7, 120),
(190, 'Sesshi', 8, 56),
(191, 'Meryn the Quick', 7, 121),
(192, 'Ildirun Ankor', 8, 122),
(193, 'Dusefight', 1, 123),
(194, 'Jim Bill Jones', 7, 124),
(195, 'Mayhem Van Claire', 8, 125),
(196, 'Behrli ', 1, 126),
(197, 'Todes Rot', 3, 163),
(198, 'Phantasmal Yui', 4, 1),
(199, 'Fancy Bronco', 8, 129),
(201, 'Shinonome Yuki', 4, 130),
(202, 'Kanzaki Tomoyo', 7, 131),
(203, 'Ambro', 1, 132),
(204, 'Fuego Destroys U', 8, 133),
(205, 'Is It Josh', 1, 134),
(206, 'Bailey The Master', 1, 135),
(207, 'Alex The Sneaky', 7, 136),
(208, 'Cházua', 3, 137),
(209, 'Illusionarer', 4, 62),
(210, 'Im A Terrible Thief', 7, 134),
(211, 'Salty Brolaf', 8, 138),
(213, 'Kathi Rose', 8, 139),
(214, 'I Have Too Much Hp', 8, 11),
(215, 'Jezza Vío', 1, 5),
(216, 'Miku Lawrence', 4, 147),
(217, 'Lucinda Castel', 8, 141),
(218, 'Sessy Dragonslayer', 3, 56),
(219, 'Aleth Conjures', 1, 142),
(220, 'Hyunh Panda', 8, 4),
(221, 'Itàni', 8, 12),
(223, 'Thialaya', 1, 61),
(224, 'Sangi Cynia', 8, 144),
(225, 'Quintey', 1, 143),
(226, 'Burning Bolts', 1, 5),
(227, 'Eviscerabe', 8, 50),
(228, 'Ruby Miku', 1, 147),
(229, 'Consecrated Abe', 3, 50),
(230, 'Uriel Reborn', 8, 255),
(231, 'Cocoa', 1, 244),
(232, 'Female Ele Meta', 1, 138),
(233, 'Aeyana Achilles', 8, 232),
(234, 'Nika Marooned', 3, 252),
(235, 'Ingyi', 7, 248),
(236, 'Artemis Thuras', 3, 236),
(237, 'Reves De Feu', 1, 149),
(238, 'Cellisia The Strong', 8, 243),
(239, 'A New Home', 7, 231),
(240, 'Ferroignis', 1, 247),
(241, 'Eraser On Rampage', 8, 120),
(242, 'Pixie Doesnt Care', 1, 90),
(243, 'Stârfîre', 3, 114),
(244, 'Frifõxy', 4, 150),
(245, 'The Silent Ranger', 1, 151),
(246, 'Sharrizard', 7, 152),
(247, 'Minigrump', 4, 153),
(248, 'Leos Xz Dash', 1, 154),
(249, 'Java Barista', 1, 155),
(250, 'Abystro', 7, 157),
(251, 'Master Bokchoy', 8, 156),
(252, 'Kiwi Rekt', 7, 159),
(253, 'Lucretia Heartly', 1, 160),
(254, 'Sayui Die Heldin', 4, 161),
(255, 'Narmora Vel', 1, 158),
(256, 'Vera Ive', 8, 162),
(257, 'Jerem The Virtuous', 3, 8),
(258, 'Jerem The Shadow', 7, 8),
(259, 'Bane Signet Only', 3, 3),
(260, 'Ciyena', 7, 1),
(261, 'Arcane Brilliance', 1, 21),
(262, 'Gwen Folchart', 1, 163),
(263, 'Eraser Throws Nades', 2, 120),
(265, 'Cashewal Coldie', 5, 164),
(266, 'Hattori Isako', 8, 165),
(267, 'Krümelchén', 1, 169),
(268, 'Arwen Calafala', 1, 168),
(269, 'Lelani Myrell', 1, 13),
(270, 'Lynn Van Gherwen', 4, 230),
(271, 'Yesib Walker', 7, 170),
(272, 'Mareika', 4, 12),
(273, 'Mini Axias', 1, 20),
(274, 'Mikasa Akkermann', 7, 175),
(275, 'Riotrio', 1, 171),
(276, 'Ayami Nakai', 1, 172),
(277, 'Naburino', 3, 173),
(278, 'Aliby Might', 8, 174),
(279, 'Fayne Nuke', 8, 176),
(280, 'Briá', 7, 177),
(281, 'Valea Juliverine', 4, 178),
(282, 'Yimeji', 1, 179),
(283, 'Cassy Sue', 1, 180),
(284, 'Ax Kit', 2, 20),
(285, 'Asuna Hiraga', 1, 237),
(286, 'Æ Blue Æ', 3, 239),
(287, 'Xixati', 8, 257),
(288, 'Aura D Matt', 7, 238),
(289, 'Make It Rain Austin', 1, 114),
(290, 'Xukk', 7, 185),
(291, 'Mr Spadoinkle', 4, 187),
(292, 'Farbstoff D', 1, 188),
(293, 'Xhardes', 1, 189),
(294, 'Alex Moreau', 7, 190),
(295, 'Due Volte', 8, 191),
(296, 'Subii', 1, 36),
(297, 'Alyez', 1, 35),
(298, 'Maria A Caída', 1, 249),
(299, 'Powerful Healing', 3, 20),
(300, 'Thorwyn Wr', 8, 192),
(301, 'Abe Confuses U', 4, 50),
(302, 'Moleque', 1, 193),
(303, 'Derpy Moa', 8, 3),
(305, 'Mantra of Recovery', 4, 130),
(308, 'Oreo Boy', 1, 199),
(309, 'Dwagonfire', 1, 198),
(310, 'Licious N Fierce', 7, 197),
(311, 'Cloes Biggest Fan', 8, 132),
(313, 'Tielaya', 7, 61),
(314, 'Bukke Bruse', 1, 182),
(315, 'Hina Inbasu', 1, 201),
(316, 'Mudblood Dan', 1, 202),
(317, 'Ayleen Reed', 1, 203),
(318, 'Furia Goes Ele', 1, 204),
(319, 'Flora Erath', 8, 205),
(320, 'Yura Thelem', 4, 206),
(321, 'Cillitbang', 7, 207),
(322, 'Lossë', 1, 208),
(323, 'Dan Of Asgard', 8, 202),
(324, 'W Johan W', 3, 205),
(325, 'Dàrkstar', 7, 191),
(326, 'Aysln', 4, 35),
(327, 'Swaggerdactyl', 1, 63),
(328, 'Mini Ray', 1, 210),
(329, 'Chazua', 1, 137),
(331, 'Breke', 1, 212),
(332, 'Lixia Rizen', 1, 20),
(333, 'Li Devi', 1, 118),
(334, 'Bailey Helix', 1, 135),
(335, 'Blame Subi', 8, 36),
(336, 'Beast S Neighbour', 8, 213),
(337, 'Valitana', 2, 214),
(338, 'Spiders Legacy', 1, 215),
(339, 'Viper Vipsersers Ele', 1, 216),
(340, 'Mallyxs Schatten', 7, 217),
(341, 'Uses Frost Magic', 1, 151),
(342, 'Mia Kore', 1, 218),
(343, 'Stacking Migh', 1, 219),
(344, 'Stacking Might', 1, 219),
(345, 'Kinra Malachai', 8, 220),
(346, 'Gift Card', 3, 221),
(347, 'Flame Axe Conjurer', 1, 222),
(348, 'Bring A Banner', 8, 5),
(349, 'You Heard Grast', 4, 182),
(350, 'Symbolic Avenger', 3, 181),
(351, 'Wanna See My Geyser', 1, 3),
(352, 'Censored Moa', 1, 3),
(353, 'Divine Adid', 8, 223),
(354, 'Take That Ice Bow', 1, 181),
(355, 'Bunker Bruse', 3, 182),
(356, 'Tielaya', 7, 61),
(357, 'Casual System', 1, 205),
(358, 'Thilaya', 4, 61),
(359, 'Vivien Van Hammes', 1, 224),
(360, 'Alice Van Hammes', 1, 226),
(361, 'Rina El Sherbini', 1, 227),
(362, 'Viola Rosè', 4, 139),
(363, 'Burning Tanya', 1, 229),
(364, 'Fleur Van Gherwen', 8, 230),
(365, 'Hina Shadôw', 7, 201),
(366, 'Naburin', 1, 173),
(367, 'Fiery Adid', 1, 223),
(368, 'Elo Quentz', 4, 258),
(369, 'Might For U', 1, 259),
(370, 'Bukkebruse', 8, 182),
(371, 'Quinny Van Hammes', 7, 226),
(372, 'Keru Hinode', 8, 260),
(373, 'Torrox Morrox', 8, 261),
(374, 'Nina Bane', 1, 262),
(376, 'Hannah Nightfall', 1, 263),
(377, 'Itrô Incárcerous', 3, 264),
(378, 'Leia Stonewolf', 4, 265),
(379, 'Oculont', 2, 214),
(380, 'Mallyxs Mesmerin', 4, 217),
(381, 'My Blasts R Awesome', 1, 267),
(382, 'Zaracause', 8, 268),
(383, 'Marcelin Van Hammes', 8, 226),
(384, 'Amber Van Hammes', 2, 260);

-- --------------------------------------------------------

--
-- Rakenne taululle `GameBuilds`
--

CREATE TABLE IF NOT EXISTS `GameBuilds` (
  `ID` int(11) NOT NULL AUTO_INCREMENT,
  `date` date NOT NULL,
  `build` int(11) NOT NULL,
  PRIMARY KEY (`ID`)
) ENGINE=InnoDB  DEFAULT CHARSET=latin1 AUTO_INCREMENT=76 ;

--
-- Vedos taulusta `GameBuilds`
--

INSERT INTO `GameBuilds` (`ID`, `date`, `build`) VALUES
(5, '2015-01-15', 44039),
(6, '2015-01-14', 43970),
(7, '2015-01-13', 43910),
(8, '2015-01-13', 43886),
(9, '2014-12-23', 43467),
(10, '2014-12-22', 43440),
(11, '2014-09-30', 39660),
(12, '2014-05-20', 34002),
(14, '2014-10-22', 40756),
(15, '2014-04-25', 32998),
(16, '2014-09-22', 39327),
(17, '2014-09-12', 38871),
(18, '2014-02-05', 29529),
(19, '2014-11-18', 42115),
(21, '2014-08-14', 37556),
(22, '2014-10-27', 41000),
(23, '2014-10-24', 40880),
(25, '2014-06-18', 35212),
(26, '2014-08-06', 37160),
(27, '2014-03-11', 31017),
(28, '2014-07-17', 36321),
(30, '2014-09-17', 39135),
(31, '2014-07-05', 35867),
(33, '2014-06-03', 34604),
(34, '2014-04-01', 31991),
(35, '2014-08-25', 38057),
(36, '2015-01-27', 44353),
(37, '2015-01-29', 44501),
(40, '2015-02-10', 44986),
(41, '2015-02-11', 45075),
(42, '2015-02-20', 45456),
(43, '2015-02-25', 45662),
(44, '2015-02-27', 45737),
(45, '2015-03-05', 45976),
(46, '2015-03-16', 46371),
(48, '2015-03-18', 46472),
(50, '2015-03-20', 46576),
(51, '2015-04-14', 47649),
(52, '2014-11-07', 41518),
(53, '2015-05-06', 48555),
(54, '2015-05-22', 49142),
(55, '2015-05-23', 49233),
(56, '2015-06-09', 49781),
(57, '2015-06-11', 49878),
(58, '2015-06-17', 50005),
(59, '2015-07-07', 50837),
(60, '2015-06-30', 50430),
(61, '2015-06-26', 50309),
(62, '2015-07-31', 51431),
(63, '2015-08-04', 51547),
(64, '2015-08-14', 51772),
(65, '2015-08-18', 51902),
(66, '2015-08-28', 52335),
(67, '2015-08-30', 52476),
(68, '2015-09-17', 53120),
(69, '2015-09-11', 52755),
(70, '2015-09-28', 53415),
(71, '2015-10-05', 53796),
(72, '2015-10-13', 53850),
(73, '2015-12-05', 55960),
(74, '2015-12-27', 56500),
(75, '2016-01-13', 56836);

-- --------------------------------------------------------

--
-- Rakenne taululle `Groups`
--

CREATE TABLE IF NOT EXISTS `Groups` (
  `ID` int(11) NOT NULL AUTO_INCREMENT,
  `name` text NOT NULL,
  `tag` text NOT NULL,
  `website` text NOT NULL,
  PRIMARY KEY (`ID`)
) ENGINE=InnoDB  DEFAULT CHARSET=latin1 AUTO_INCREMENT=56 ;

--
-- Vedos taulusta `Groups`
--

INSERT INTO `Groups` (`ID`, `name`, `tag`, `website`) VALUES
(1, 'Snow Crows', '[SC]', 'http://snowcrows.enjin.com/'),
(2, 'Quantify', '[qT]', 'http://qtfy.enjin.com/'),
(4, 'Oh My Gosh Virtual Squirrels', '[Vs]', 'http://www.omygosh.fr/'),
(5, 'Vis Invicta', '[vC]', 'http://visinvictagw2.enjin.com/'),
(6, 'Shaolin Monkeys ', '[SM]', ''),
(7, 'Trust Me Im A Dungeoneer', '[TDN]', 'http://tdn-gilde.enjin.com/home'),
(8, 'Legion of Doom', '[LOD]', 'http://lodgw2.com/'),
(9, 'Lupi Stole My Bike ', '[LuPi]', 'http://www.lupi.enjin.com/'),
(10, 'Retaliate', '[rT]', 'http://retaliate.gamerlaunch.com/'),
(19, 'Almost Sophisticated', '[geek]', 'http://geek-gw2.enjin.com/'),
(20, 'Death and Taxes', '[DnT]', 'http://www.dtguilds.com/'),
(22, 'Immortal Kingdom', '[KING]', ''),
(23, 'Slayers of Lupicus', '[SOLO]', ''),
(24, 'DO NOT REMOVE', '[]', ''),
(26, 'Guys I Dont Have Feedback', '[NoFB]', ''),
(27, 'Is It Swamp', '[Yet]', ''),
(28, 'Lorbeerfraktion', '[LF]', 'https://www.youtube.com/user/Lorbeerfraktion'),
(29, 'Silent Killer Engine', '[sKe]', 'http://skeonline.de/'),
(30, 'Keep Running', '[Kr]', ''),
(31, 'Legends of the Gods', '[LoGo]', ''),
(32, 'Wie Macht Die Kuh', '[Baum]', ''),
(33, 'Kop', '[Tek]', ''),
(34, 'Burning Speed', '[Hawt]', ''),
(35, 'Intricacy', '[iV]', ''),
(36, 'Hexagonis', '[HeX]', 'http://hexagonis.enjin.com/'),
(37, 'The Mythical Dragons', '[MYTH]', 'http://mythdragons.enjin.com/'),
(38, 'My Mixtape Is', '[FIRE]', ''),
(39, 'Dark Renegatus', '[REN]', 'http://darkrenegatus.enjin.com/'),
(40, 'The Carebear Armada', '[TCA]', ''),
(41, 'Kreios', '[KRS]', ''),
(42, 'Invincible Gaming', '[iG]', 'http://invinciblegaming-gw.enjin.com/'),
(43, 'Lucky Noobs', '[LN]', 'http://lucky-noobs.com/'),
(44, 'First Grade', '[ONE]', ''),
(45, 'We Got Nice Moves', '[Yoga]', ''),
(46, 'More Pewpew Less', '[QQ}', 'http://gw2-qq.enjin.com/'),
(47, 'We Do Records Under Tags We', '[want]', ''),
(48, 'Lala', '[LaLa]', ''),
(49, 'Our Black Bird Cuts Itself', '[eMoa]', 'http://gw2emoa.com/'),
(50, 'Ministrel''s Waypoint', '[Cmaj]', ''),
(51, 'Autistic Roleplayers', '[rP]', ''),
(52, 'eXc', 'eXc', ''),
(53, 'Exceeding Restriction', '[eXc]', 'http://excgw2.shivtr.com'),
(54, 'Happens', '[hP]', ''),
(55, 'Fat Norns Cant', '[LoS]', '');

-- --------------------------------------------------------

--
-- Rakenne taululle `Instances`
--

CREATE TABLE IF NOT EXISTS `Instances` (
  `ID` int(11) NOT NULL AUTO_INCREMENT,
  `name` text NOT NULL,
  `alt` text NOT NULL,
  `image` text NOT NULL,
  `type` int(11) NOT NULL,
  `ordering` int(11) NOT NULL,
  PRIMARY KEY (`ID`),
  KEY `type` (`type`)
) ENGINE=InnoDB  DEFAULT CHARSET=latin1 AUTO_INCREMENT=10 ;

--
-- Vedos taulusta `Instances`
--

INSERT INTO `Instances` (`ID`, `name`, `alt`, `image`, `type`, `ordering`) VALUES
(1, 'Ascalonian Catacombs', 'AC', 'token_ac.png', 1, 1),
(2, 'Caudecus''s Manor', 'CM', 'token_cm.png', 1, 2),
(3, 'Twilight Arbor', 'TA', 'token_ta.png', 1, 3),
(4, 'Sorrow''s Embrace', 'SE', 'token_se.png', 1, 4),
(5, 'Citadel of Flame', 'CoF', 'token_cof.png', 1, 5),
(6, 'Honor of the Waves', 'HotW', 'token_hotw.png', 1, 6),
(7, 'Crucible of Eternity', 'CoE', 'token_coe.png', 1, 7),
(8, 'The Ruined City of Arah', 'Arah', 'token_arah.png', 1, 8),
(9, 'Fractals of the Mists', 'FotM', 'token_fotm.png', 2, 9);

-- --------------------------------------------------------

--
-- Rakenne taululle `InstanceTypes`
--

CREATE TABLE IF NOT EXISTS `InstanceTypes` (
  `ID` int(11) NOT NULL AUTO_INCREMENT,
  `name` text NOT NULL,
  PRIMARY KEY (`ID`)
) ENGINE=InnoDB  DEFAULT CHARSET=latin1 AUTO_INCREMENT=3 ;

--
-- Vedos taulusta `InstanceTypes`
--

INSERT INTO `InstanceTypes` (`ID`, `name`) VALUES
(1, 'dungeon'),
(2, 'fractal');

-- --------------------------------------------------------

--
-- Rakenne taululle `Paths`
--

CREATE TABLE IF NOT EXISTS `Paths` (
  `ID` int(11) NOT NULL AUTO_INCREMENT,
  `instance` int(11) NOT NULL,
  `name` text NOT NULL,
  `description` text NOT NULL,
  `ordering` int(11) NOT NULL,
  `validity` tinyint(1) NOT NULL,
  `minPlayers` int(11) NOT NULL,
  PRIMARY KEY (`ID`),
  KEY `instance` (`instance`)
) ENGINE=InnoDB  DEFAULT CHARSET=latin1 AUTO_INCREMENT=52 ;

--
-- Vedos taulusta `Paths`
--

INSERT INTO `Paths` (`ID`, `instance`, `name`, `description`, `ordering`, `validity`, `minPlayers`) VALUES
(1, 1, 'Story', '', 1, 1, 1),
(2, 1, 'Path 1', '', 2, 1, 1),
(3, 1, 'Path 2', '', 3, 1, 1),
(4, 1, 'Path 3', '', 4, 1, 1),
(5, 2, 'Story', '', 1, 1, 1),
(6, 2, 'Path 1', '', 2, 1, 1),
(7, 2, 'Path 2', '', 3, 1, 1),
(8, 2, 'Path 3', '', 4, 1, 1),
(9, 3, 'Story', '', 1, 1, 1),
(10, 3, 'Forward', '', 2, 1, 1),
(11, 3, 'Up', '', 3, 1, 1),
(12, 3, 'Aetherpath', '', 4, 1, 4),
(14, 4, 'Story', '', 1, 1, 1),
(15, 4, 'Path 1', '', 2, 1, 1),
(16, 4, 'Path 2', '', 3, 1, 1),
(17, 4, 'Path 3', '', 4, 1, 1),
(18, 5, 'Story', '', 1, 1, 1),
(19, 5, 'Path 1', '', 2, 1, 4),
(20, 5, 'Path 2', '', 3, 1, 1),
(21, 5, 'Path 3', '', 4, 1, 3),
(22, 6, 'Story', '', 1, 1, 1),
(23, 6, 'Path 1', '', 2, 1, 1),
(24, 6, 'Path 2', '', 3, 1, 1),
(25, 6, 'Path 3', '', 4, 1, 1),
(26, 7, 'Story', '', 1, 1, 1),
(27, 7, 'Path 1', '', 2, 1, 2),
(28, 7, 'Path 2', '', 3, 1, 2),
(29, 7, 'Path 3', '', 4, 1, 2),
(30, 8, 'Story', '', 1, 0, 2),
(31, 8, 'Path 1', '', 2, 1, 4),
(32, 8, 'Path 2', '', 3, 1, 1),
(33, 8, 'Path 3', '', 4, 1, 1),
(34, 8, 'Path 4', '', 5, 1, 2),
(35, 9, 'Aetherblade', '', 1, 1, 1),
(36, 9, 'Aquatic Ruins (Dolphin)', 'Dolphin', 2, 1, 1),
(37, 9, 'Aquatic Ruins (Krait)', 'Krait', 3, 1, 1),
(38, 9, 'Cliffside', '', 4, 1, 1),
(39, 9, 'Molten Furnace', '', 5, 1, 1),
(40, 9, 'Captain Mai Trin', '', 6, 1, 1),
(41, 9, 'Molten Boss', '', 7, 1, 1),
(42, 9, 'Snowblind', '', 8, 1, 1),
(43, 9, 'Solid Ocean', '', 9, 1, 1),
(44, 9, 'Swampland (Bloomhunger)', 'Bloomhunger', 10, 1, 1),
(45, 9, 'Swampland (Mossman)', 'Mossman', 11, 1, 1),
(46, 9, 'Thaumanova Reactor', '', 12, 1, 1),
(47, 9, 'Uncategorized', '', 13, 1, 1),
(48, 9, 'Underground Facility (Bombs)', 'Bombs', 14, 1, 3),
(49, 9, 'Underground Facility (Turret)', 'Turrets', 15, 1, 3),
(50, 9, 'Urban Battlegrounds', '', 16, 1, 1),
(51, 9, 'Volcanic', '', 17, 1, 1);

-- --------------------------------------------------------

--
-- Rakenne taululle `PlayerGroups`
--

CREATE TABLE IF NOT EXISTS `PlayerGroups` (
  `ID` int(11) NOT NULL AUTO_INCREMENT,
  `groupID` int(11) NOT NULL,
  `player` int(11) NOT NULL,
  PRIMARY KEY (`ID`),
  KEY `groupID` (`groupID`,`player`),
  KEY `player` (`player`)
) ENGINE=InnoDB  DEFAULT CHARSET=latin1 AUTO_INCREMENT=348 ;

--
-- Vedos taulusta `PlayerGroups`
--

INSERT INTO `PlayerGroups` (`ID`, `groupID`, `player`) VALUES
(1, 1, 8),
(2, 1, 9),
(3, 1, 10),
(4, 1, 11),
(5, 1, 12),
(6, 1, 19),
(7, 1, 20),
(8, 1, 21),
(9, 1, 27),
(10, 1, 29),
(11, 1, 47),
(12, 1, 49),
(13, 1, 50),
(49, 1, 56),
(14, 1, 68),
(15, 1, 69),
(16, 1, 77),
(17, 1, 78),
(18, 1, 79),
(19, 1, 80),
(20, 1, 81),
(21, 1, 82),
(151, 1, 97),
(227, 1, 163),
(266, 1, 192),
(286, 1, 212),
(22, 2, 31),
(23, 2, 32),
(24, 2, 33),
(25, 2, 40),
(26, 2, 51),
(27, 2, 57),
(28, 2, 58),
(29, 2, 59),
(30, 2, 60),
(31, 2, 67),
(32, 2, 70),
(34, 2, 76),
(144, 2, 90),
(174, 2, 120),
(35, 4, 22),
(36, 4, 23),
(37, 4, 24),
(38, 4, 25),
(39, 4, 26),
(40, 5, 1),
(41, 5, 2),
(42, 5, 3),
(43, 5, 4),
(44, 5, 5),
(46, 5, 43),
(47, 5, 54),
(57, 5, 61),
(183, 5, 129),
(198, 5, 139),
(200, 5, 141),
(201, 5, 142),
(261, 5, 144),
(309, 5, 173),
(254, 5, 182),
(267, 5, 193),
(275, 5, 201),
(296, 5, 222),
(297, 5, 223),
(303, 5, 229),
(304, 5, 230),
(54, 6, 52),
(325, 6, 245),
(330, 6, 251),
(55, 7, 30),
(256, 7, 184),
(317, 7, 237),
(318, 7, 238),
(319, 7, 239),
(336, 7, 257),
(59, 8, 35),
(60, 8, 36),
(61, 8, 42),
(62, 8, 62),
(63, 8, 63),
(64, 8, 64),
(65, 8, 65),
(169, 8, 115),
(172, 8, 118),
(173, 8, 119),
(193, 8, 134),
(194, 8, 135),
(195, 8, 136),
(196, 8, 137),
(197, 8, 138),
(265, 8, 191),
(284, 8, 210),
(324, 8, 244),
(334, 8, 255),
(66, 9, 53),
(33, 9, 75),
(67, 10, 28),
(68, 10, 46),
(145, 10, 91),
(146, 10, 92),
(147, 10, 93),
(148, 10, 94),
(149, 10, 95),
(150, 10, 96),
(168, 10, 113),
(257, 10, 114),
(207, 10, 144),
(210, 10, 147),
(258, 10, 185),
(260, 10, 187),
(69, 19, 13),
(71, 19, 15),
(72, 19, 16),
(73, 19, 39),
(222, 19, 158),
(223, 19, 159),
(224, 19, 160),
(225, 19, 161),
(226, 19, 162),
(262, 19, 188),
(263, 19, 189),
(264, 19, 190),
(298, 19, 224),
(301, 19, 227),
(326, 19, 246),
(74, 20, 48),
(184, 20, 130),
(313, 20, 133),
(315, 20, 151),
(270, 20, 197),
(271, 20, 198),
(272, 20, 199),
(292, 20, 218),
(293, 20, 219),
(294, 20, 220),
(295, 20, 221),
(75, 22, 45),
(154, 22, 100),
(155, 22, 101),
(156, 22, 102),
(157, 22, 103),
(158, 22, 104),
(159, 22, 105),
(160, 22, 106),
(161, 22, 107),
(162, 22, 108),
(163, 22, 109),
(164, 22, 110),
(165, 22, 111),
(176, 22, 122),
(76, 23, 6),
(77, 24, 44),
(136, 26, 31),
(139, 26, 71),
(140, 26, 72),
(138, 26, 73),
(137, 26, 74),
(238, 27, 12),
(130, 27, 20),
(141, 27, 21),
(239, 27, 50),
(129, 27, 54),
(128, 27, 56),
(131, 27, 83),
(134, 27, 87),
(152, 28, 98),
(153, 29, 99),
(307, 29, 233),
(332, 29, 253),
(333, 29, 254),
(335, 29, 256),
(167, 30, 19),
(166, 30, 112),
(175, 31, 121),
(177, 32, 123),
(178, 32, 124),
(179, 32, 125),
(180, 32, 126),
(187, 33, 114),
(185, 33, 130),
(186, 33, 131),
(188, 33, 132),
(192, 34, 114),
(191, 34, 131),
(190, 34, 132),
(48, 35, 55),
(50, 35, 71),
(51, 35, 72),
(52, 35, 73),
(53, 35, 74),
(314, 35, 147),
(250, 36, 100),
(202, 36, 102),
(205, 36, 103),
(204, 36, 122),
(206, 36, 143),
(211, 36, 148),
(306, 36, 232),
(327, 36, 248),
(331, 36, 252),
(212, 37, 149),
(305, 37, 231),
(316, 37, 236),
(323, 37, 243),
(328, 37, 249),
(213, 38, 114),
(214, 38, 150),
(215, 38, 151),
(216, 38, 152),
(217, 39, 153),
(218, 39, 154),
(219, 39, 155),
(220, 39, 156),
(221, 39, 157),
(228, 40, 164),
(229, 40, 165),
(56, 41, 41),
(320, 41, 240),
(321, 41, 241),
(322, 41, 242),
(237, 42, 13),
(232, 42, 168),
(233, 42, 169),
(234, 42, 170),
(240, 43, 171),
(241, 43, 172),
(242, 43, 173),
(243, 43, 174),
(287, 43, 213),
(288, 43, 214),
(289, 43, 215),
(290, 43, 216),
(291, 43, 217),
(340, 43, 261),
(341, 43, 262),
(342, 43, 263),
(343, 43, 264),
(344, 43, 265),
(244, 44, 175),
(245, 45, 176),
(246, 45, 177),
(247, 45, 178),
(248, 45, 179),
(249, 45, 180),
(252, 46, 5),
(251, 46, 100),
(253, 46, 181),
(274, 46, 182),
(276, 48, 202),
(277, 48, 203),
(278, 48, 204),
(279, 48, 205),
(280, 48, 206),
(281, 49, 207),
(282, 50, 208),
(300, 51, 226),
(339, 51, 260),
(337, 53, 258),
(338, 54, 259),
(346, 55, 267),
(347, 55, 268);

-- --------------------------------------------------------

--
-- Rakenne taululle `Players`
--

CREATE TABLE IF NOT EXISTS `Players` (
  `ID` int(11) NOT NULL AUTO_INCREMENT,
  `name` text NOT NULL,
  `account` text NOT NULL,
  PRIMARY KEY (`ID`)
) ENGINE=InnoDB  DEFAULT CHARSET=latin1 AUTO_INCREMENT=269 ;

--
-- Vedos taulusta `Players`
--

INSERT INTO `Players` (`ID`, `name`, `account`) VALUES
(1, 'Kirasia', 'BlackDragon.3752'),
(2, 'Fontys', 'Lind.4503'),
(3, 'Derpy Moa', 'Amicable Pugs.4503'),
(4, 'Fennec', 'Fennec.2961'),
(5, 'Cheezy', 'Cheezy.2039'),
(6, 'Wethospu', 'Wethospu.6437'),
(8, 'Jerem', 'Jeremlloyd.6837'),
(9, 'Ameziz', 'Ameziz.4291'),
(10, 'Casual', 'Melandrus Flower.1206'),
(11, 'Ghosti', 'ElBlood.2783'),
(12, 'Nexus', 'MasterBlaster.6827'),
(13, 'Lelani', 'SeniorMagic.7230'),
(15, 'Selene Arvine', 'Hexes.3175'),
(16, 'Nimmi', ''),
(19, 'Goku', 'Dro.1047'),
(20, 'Axias', 'OrionXnAsh.3064'),
(21, 'Perry', 'perry..9645'),
(22, 'Rhonk', 'Rhonk.4283'),
(23, 'Kishlin', 'fanoux.4817'),
(24, 'Lou', 'Lou.7824'),
(25, 'Ysuran', 'Redgrieve.4137'),
(26, 'Wrong', 'Wrong.5381'),
(27, 'NeoVaris', 'NeoVaris.4806'),
(28, 'spoj', 'spoj.9672'),
(29, 'Jing', 'Jing.7695'),
(30, 'Skywalker', 'skywalker.3481'),
(31, 'Deathlyhearts', 'ShadowRX.9024'),
(32, 'Hater', 'WUSSUPHATERZ.9512'),
(33, 'Toast', 'ToastHQ.5074'),
(35, 'Ather', 'Ather.5091'),
(36, 'Subi', 'Subi.8014'),
(37, 'Debby', 'Debbysaurus.4016'),
(39, 'Unknown [geek]', ''),
(40, 'Unknown [qT]', ''),
(41, 'Unknown [KRS]', ''),
(42, 'Unknown [LOD]', ''),
(43, 'Unknown [iV]', ''),
(44, 'Unknown', ''),
(45, 'Particlar', 'Snowball.3497'),
(46, 'Unknown [rT]', ''),
(47, 'Unknown [SC]', ''),
(48, 'Unknown [DnT]', ''),
(49, 'Enaretos', 'Enaretos.8079'),
(50, 'Abe', 'dboylolz.3916'),
(51, 'Louis', 'Luigi.8076'),
(52, 'Unknown [SM]', ''),
(53, 'Antonio', 'Waldi Baldi im Aldi.4382'),
(54, 'Ryo', 'Ryorco Marm.9580'),
(55, 'Menno', 'Menno.6092'),
(56, 'Sesshi', 'Sesshi.2610'),
(57, 'Candy', 'candyii.3816'),
(58, 'Quaggan', 'FallenSentinel.6439'),
(59, 'Ricie', 'RiceAddiction.3075'),
(60, 'Magnus', 'Magnus.3907'),
(61, 'Thilaya', 'Aradox.6140'),
(62, 'Ted', 'Ted The Warrior.8674'),
(63, 'David', 'David.4821'),
(64, 'Fayour', 'Fayour.6920'),
(65, 'Leon', 'Leon Mendice.3024'),
(67, 'Seb', 'Sebas.2981'),
(68, 'Arkaiza', 'kames.6274'),
(69, 'DennisChrDk', 'DennisChrDk.9823'),
(70, 'Kevin', 'Kevin.2178'),
(71, 'Edd', 'edd.9765'),
(72, 'Doc', 'Doctor Faustus.6372'),
(73, 'Daniel', 'Daniel.5204'),
(74, 'Colin', 'eGamerp.4816'),
(75, 'Sebi', 'BeastFlashbolt.4573'),
(76, 'Alex', 'petar.9047'),
(77, 'Rumpo', 'Rumpo.7832'),
(78, 'Brandstorm', 'Brandstorm.7650'),
(79, 'Leks', 'Thyend.3692'),
(80, 'Atmadra', 'Argilla.8340'),
(81, 'Brreke', 'BreKe.3069'),
(82, 'Andi', 'Eldarion.5297'),
(83, 'Unknown [Yet]', ''),
(87, 'Mika', 'Zud.1265'),
(90, 'Pixie', 'Byakkos.9463'),
(91, 'Bordy', 'Bordy.3024'),
(92, 'Lokoh', 'LoKoh.9176'),
(93, 'Badarka', 'Dara Slice.8306'),
(94, 'Lorek', 'Lorek.7104'),
(95, 'Tmoo', 'tmoo.9017'),
(96, 'Sanderinoa', 'Sanderinoa.8065'),
(97, 'Sam', 'Sam.7269'),
(98, 'Unknown [LF]', ''),
(99, 'Unknown [sKe]', ''),
(100, 'Painbow', 'Painbow.6059'),
(101, 'Charlie', 'LeopolD.1796'),
(102, 'Aldarn', 'Aldarn.4650'),
(103, 'Taku', 'Taku.6352'),
(104, 'Doomblade', 'Doomblade.7852'),
(105, 'Nick', 'BeastPixels.4531'),
(106, 'Wonderburger', 'Valentine.9732'),
(107, 'Gnarl', 'zargnath.9524'),
(108, 'Zip', 'Relativity.3264'),
(109, 'Arathorian', 'TPenny.5071'),
(110, 'Impale', 'Impale.2503'),
(111, 'Zorby', 'Zorby.8236'),
(112, 'Draglek', 'Aleksandar.1364'),
(113, 'Luca', 'Luca.9751'),
(114, 'Austin', 'Quin Marino.6384'),
(115, 'Nooj', 'JonnyRambo.5693'),
(118, 'Enko', 'Enko.6123'),
(119, 'Zzero', 'zeonozero.5860'),
(120, 'Eraser', 'EraseR.8269'),
(121, 'Meryn', 'Meryn.6875'),
(122, 'Gruocs', 'Gruocs.3412'),
(123, 'Dusefight', 'Dusefight.2185'),
(124, 'Jim Bill Jones', 'KaschPerle.1302'),
(125, 'Mayhem Van Claire', 'Hayden Van Claire.8351'),
(126, 'Behrli', 'Iridium.8416'),
(128, 'Carlos', 'Original Gangster.9765'),
(129, 'Bronco', 'nyx.1580'),
(130, 'Ravi', 'Saix.4126'),
(131, 'Robby', 'Robby McDonald.3968'),
(132, 'Ambro', 'AmbrosialK.2653'),
(133, 'Fuego', 'Fuego.3216'),
(134, 'Josh', 'Its Josh.2860'),
(135, 'Bailey', 'BaileyHelix.1947'),
(136, 'Tomokou', 'Tomokou.2479'),
(137, 'Chazua', 'Chazua.1934'),
(138, 'Salty', 'jtnstnt.8462'),
(139, 'Kathi Rose', 'Rayman.3097'),
(141, 'Raze', 'Raze.3841'),
(142, 'Aleth', 'Aleth.9630'),
(143, 'Fracture', 'fracture.9754'),
(144, 'Sangi', 'Sangi.6901'),
(147, 'Purple Miku', 'Miku Lawrence.6329'),
(148, 'Unknown [HeX]', ''),
(149, 'Unknown [MYTH]', ''),
(150, 'Frifox', 'frifox.5283'),
(151, 'Raine', 'TheSilentRanger.1657'),
(152, 'Shard', 'Lee.8467'),
(153, 'Minigrump', 'Minigrump.4961'),
(154, 'Leo', 'leonidash.9416'),
(155, 'Java Barista', 'javacoffee.5130'),
(156, 'Lum', 'incrediblelum.5184'),
(157, 'Phantom', 'Phantom.7105'),
(158, 'Kira Ceyil', 'shintao.6392'),
(159, 'Kiwi Rekt', ''),
(160, 'Lucretia Heartly', 'Brightlight of Life.3826'),
(161, 'Timo', 'Timo.1093'),
(162, 'Vera Ive', ''),
(163, 'Kiwi', 'kiwi.6348'),
(164, 'Coldie', 'GiannisPapapa.4961'),
(165, 'Gosu', 'GosuTek.5218'),
(168, 'Arwen Calafalas', ''),
(169, 'Painox', 'Painox.8130'),
(170, 'Yesib Walker', 'Kenjico.7058'),
(171, 'Riotrio', 'Zention.1849'),
(172, 'Ayami Nakai', 'Bakteriax.5092'),
(173, 'Naburino', 'TheDevilsMask.2316'),
(174, 'Aliby Might', 'Aliby Light.7391'),
(175, 'Mikasa Akkermann', 'Oreki.9507'),
(176, 'Jonny', 'Jonny.5218'),
(177, 'Leandra Vanyar', 'Leandra Vanyar.7548'),
(178, 'Fines Juliverine', 'Fines Juliverine.5846'),
(179, 'Foxyyy', 'Foxyyy.7960'),
(180, 'Wandra Eos', 'Wandra Eos.2384'),
(181, 'Veckna', 'Veckna.9621'),
(182, 'Bukkebruse', 'Bukkebruse.2810'),
(184, 'Unknown [TDN]', ''),
(185, 'Xukk', 'Stormwind the first.9235'),
(187, 'Spadoinkle', 'Spadoinkle.7824'),
(188, 'Farbstoff', 'sOn.8796'),
(189, 'GagaMen', 'GagaMen.5402'),
(190, 'TaDe', 'TaDe.3708'),
(191, 'Darkstar', 'Bulletproof.6983'),
(192, 'Thorwyn', 'Thorwyn.8469'),
(193, 'Moleque', 'Happymountain.5134'),
(197, 'Ecori', 'EcoRI.9273'),
(198, 'Targ', 'Nyspar.6103'),
(199, 'Andrew', 'Sirius.2938'),
(201, 'Hintkei', 'hintkei.6329'),
(202, 'Mudblood Dan', 'DanScott.4839'),
(203, 'Ayleen Reed', 'matteo.1589'),
(204, 'Furia Goes Ele', 'Furia.7195'),
(205, 'Flora Erath', 'W Johan W.5968'),
(206, 'Yura Thelem', 'yanmanlee.5430'),
(207, 'Cillitbang', 'blobfish.6712'),
(208, 'Lossë', 'Zoxe.4651'),
(210, 'Rayons', 'Rayons.3076'),
(212, 'Breke', 'BreKe.3069'),
(213, 'Hunter', 'HuNtEr.7346'),
(214, 'Jabor', 'Jabor.6937'),
(215, 'Spider', 'Spider.3109'),
(216, 'Viper Vipersers', 'Viper Vipersers.9072'),
(217, 'Mallyxs', 'Mallyxs.9527'),
(218, 'Dartu', 'Dartu.8160'),
(219, 'Flint', 'Emrakul.3924'),
(220, 'Narc', 'Unratedx.2794'),
(221, 'Card', 'Card.9704'),
(222, 'Aerial', 'aeriel.3589'),
(223, 'Koen', 'koen.4729'),
(224, 'Vivien Van Hammes', 'IXIDOR.6278'),
(226, 'KitsuneInari', 'KitsuneInari.9362'),
(227, 'Rina El Sherbini', 'Djemba Djemba.4286'),
(229, 'eVo', 'eVo.2164'),
(230, 'Habataku', 'Habataku.5214'),
(231, 'TPMN', 'TPMN.1483'),
(232, 'Aeyana Achilles', 'Matt.7413'),
(233, 'Toby', 'toby.9053'),
(236, 'Artemis Thuras', 'Artemis Thuras.8795'),
(237, 'Asuna Hiraga', 'Vzero.4798'),
(238, 'Aura D Matt', 'Matze.1498'),
(239, 'Æ Blue Æ', 'Xx Blue Ele Xx.1409'),
(240, 'Bati', 'Bati.3947'),
(241, 'Juelz Deluxe', 'Htok.1890'),
(242, 'Glory Peach', 'Das asoziale Netzwerk.8526'),
(243, 'Cellisia The Strong', 'crazycraig.1245'),
(244, 'Cocoa', 'Cocoa.3674'),
(245, 'Cptn Obvious', 'Celeste Lightblade.9253'),
(246, 'Elijah Windflower', 'WireAngel.7468'),
(247, 'Ferroignis', 'HiggsBoson.2648'),
(248, 'Ingyi', 'Mioda.5928'),
(249, 'Maria A Caída', 'Moka.8432'),
(251, 'Mizuq The Yeti', 'MizuQ.6731'),
(252, 'Nika Marooned', 'Gruocs.3412'),
(253, 'Nousaria', 'NOUS.7420'),
(254, 'Tarok Eisenfaust', 'make.5327'),
(255, 'Dolan', 'Lelouch.8745'),
(256, 'Wächter Xeraion', 'Xeraion.1582'),
(257, 'Xixati', 'Xixati.5937'),
(258, 'Elo Quentz', 'xBlackPolour.2574'),
(259, 'Might For U', 'ironfrodo.7625'),
(260, 'Aquilo', 'Aquilo.5267'),
(261, 'Papierkorb', 'Papierkorb.2301'),
(262, 'Dath Bane', 'Dath Bane.5142'),
(263, 'firelord', 'firelord.7865'),
(264, 'Nightmare', 'Nightmare.5026'),
(265, 'TheSoul', 'TheSoul.1098'),
(267, 'Roul', 'Roul.3205'),
(268, 'The Hero Warrior Il', 'The Hero Warrior Il.7681');

-- --------------------------------------------------------

--
-- Rakenne taululle `Professions`
--

CREATE TABLE IF NOT EXISTS `Professions` (
  `ID` int(11) NOT NULL AUTO_INCREMENT,
  `name` text NOT NULL,
  `image` text NOT NULL,
  PRIMARY KEY (`ID`)
) ENGINE=InnoDB  DEFAULT CHARSET=latin1 AUTO_INCREMENT=10 ;

--
-- Vedos taulusta `Professions`
--

INSERT INTO `Professions` (`ID`, `name`, `image`) VALUES
(1, 'elementalist', 'elementalist.png'),
(2, 'engineer', 'engineer.png'),
(3, 'guardian', 'guardian.png'),
(4, 'mesmer', 'mesmer.png'),
(5, 'necromancer', 'necromancer.png'),
(6, 'ranger', 'ranger.png'),
(7, 'thief', 'thief.png'),
(8, 'warrior', 'warrior.png'),
(9, 'revenant', 'renevant.png');

-- --------------------------------------------------------

--
-- Rakenne taululle `RecordGroups`
--

CREATE TABLE IF NOT EXISTS `RecordGroups` (
  `ID` int(11) NOT NULL AUTO_INCREMENT,
  `record` int(11) NOT NULL,
  `groupID` int(11) NOT NULL,
  PRIMARY KEY (`ID`),
  KEY `record` (`record`),
  KEY `guild` (`groupID`)
) ENGINE=InnoDB  DEFAULT CHARSET=latin1 AUTO_INCREMENT=269 ;

--
-- Vedos taulusta `RecordGroups`
--

INSERT INTO `RecordGroups` (`ID`, `record`, `groupID`) VALUES
(1, 1, 5),
(3, 4, 5),
(8, 7, 8),
(9, 8, 1),
(10, 9, 1),
(11, 10, 1),
(12, 11, 1),
(13, 12, 1),
(14, 13, 1),
(15, 14, 1),
(16, 15, 1),
(17, 16, 1),
(18, 17, 1),
(19, 18, 1),
(20, 19, 1),
(21, 20, 2),
(22, 21, 1),
(23, 22, 19),
(24, 23, 2),
(25, 24, 4),
(26, 25, 5),
(27, 26, 1),
(28, 27, 1),
(29, 27, 1),
(30, 28, 9),
(32, 29, 5),
(33, 30, 2),
(34, 31, 2),
(35, 32, 2),
(36, 33, 2),
(37, 34, 7),
(38, 35, 7),
(39, 36, 7),
(41, 38, 8),
(42, 39, 8),
(43, 40, 5),
(44, 41, 2),
(45, 42, 2),
(46, 43, 1),
(47, 44, 1),
(48, 45, 26),
(49, 46, 1),
(50, 47, 1),
(51, 48, 1),
(52, 49, 1),
(53, 50, 1),
(54, 51, 1),
(55, 52, 1),
(56, 53, 1),
(57, 54, 1),
(58, 55, 1),
(59, 56, 1),
(60, 57, 27),
(61, 58, 1),
(62, 59, 1),
(63, 60, 1),
(64, 61, 26),
(65, 62, 2),
(66, 63, 10),
(67, 64, 29),
(68, 64, 29),
(69, 65, 22),
(70, 66, 22),
(71, 67, 22),
(72, 68, 22),
(73, 69, 1),
(74, 70, 1),
(75, 71, 1),
(76, 72, 30),
(77, 73, 1),
(78, 73, 10),
(79, 74, 1),
(80, 75, 1),
(81, 76, 2),
(82, 77, 1),
(83, 78, 27),
(84, 79, 8),
(85, 80, 26),
(86, 81, 2),
(87, 82, 2),
(88, 83, 1),
(89, 84, 8),
(90, 85, 8),
(91, 86, 1),
(92, 87, 1),
(94, 89, 2),
(95, 88, 27),
(97, 90, 31),
(98, 91, 2),
(99, 92, 2),
(100, 93, 1),
(101, 94, 1),
(102, 95, 1),
(103, 95, 2),
(104, 96, 27),
(105, 97, 36),
(106, 98, 2),
(107, 99, 32),
(108, 100, 5),
(109, 101, 20),
(110, 101, 34),
(112, 102, 8),
(113, 103, 1),
(114, 104, 8),
(115, 105, 5),
(116, 106, 2),
(117, 107, 1),
(118, 108, 1),
(119, 109, 5),
(120, 109, 1),
(121, 110, 5),
(122, 111, 5),
(123, 112, 1),
(124, 113, 1),
(125, 114, 1),
(126, 115, 2),
(127, 116, 2),
(128, 117, 5),
(129, 118, 36),
(130, 120, 5),
(131, 120, 5),
(132, 119, 10),
(133, 119, 1),
(134, 121, 8),
(135, 122, 36),
(136, 123, 2),
(137, 124, 2),
(138, 125, 37),
(139, 126, 2),
(140, 127, 38),
(141, 128, 39),
(142, 129, 19),
(143, 74, 38),
(144, 130, 2),
(145, 131, 5),
(146, 132, 2),
(147, 133, 1),
(148, 134, 1),
(149, 135, 2),
(154, 137, 1),
(155, 36, 41),
(156, 138, 2),
(157, 139, 2),
(158, 140, 42),
(159, 141, 2),
(160, 142, 27),
(161, 143, 43),
(162, 143, 43),
(163, 144, 45),
(164, 145, 2),
(165, 145, 1),
(166, 146, 7),
(167, 147, 10),
(168, 148, 19),
(169, 149, 8),
(171, 151, 27),
(172, 152, 47),
(175, 156, 5),
(178, 159, 20),
(179, 160, 20),
(180, 161, 5),
(181, 162, 48),
(182, 163, 49),
(183, 163, 50),
(184, 164, 48),
(185, 165, 8),
(186, 166, 8),
(187, 167, 8),
(188, 168, 1),
(189, 169, 1),
(190, 170, 8),
(191, 171, 5),
(192, 172, 2),
(193, 173, 43),
(194, 174, 20),
(195, 175, 5),
(196, 176, 5),
(197, 177, 5),
(198, 178, 5),
(199, 179, 5),
(200, 180, 10),
(202, 181, 48),
(204, 183, 5),
(205, 184, 1),
(206, 184, 2),
(207, 185, 19),
(208, 185, 51),
(209, 186, 1),
(210, 187, 5),
(211, 188, 5),
(212, 189, 1),
(215, 185, 19),
(219, 27, 6),
(220, 27, 1),
(221, 27, 6),
(222, 143, 44),
(223, 143, 43),
(224, 143, 43),
(225, 120, 5),
(226, 120, 1),
(227, 120, 5),
(228, 64, 29),
(229, 64, 29),
(230, 64, 28),
(231, 101, 34),
(232, 101, 34),
(233, 101, 20),
(234, 145, 1),
(235, 145, 2),
(236, 145, 2),
(237, 36, 41),
(238, 36, 41),
(239, 36, 7),
(240, 190, 1),
(241, 191, 5),
(242, 23, 9),
(243, 192, 1),
(244, 193, 53),
(245, 193, 54),
(246, 194, 1),
(247, 195, 5),
(248, 196, 1),
(251, 199, 1),
(253, 201, 1),
(254, 202, 5),
(255, 202, 42),
(256, 203, 53),
(257, 203, 54),
(258, 204, 51),
(259, 205, 1),
(260, 206, 43),
(261, 207, 43),
(262, 208, 55),
(263, 209, 51),
(264, 210, 51),
(265, 211, 55),
(266, 212, 54),
(267, 212, 55),
(268, 213, 5);

-- --------------------------------------------------------

--
-- Rakenne taululle `Records`
--

CREATE TABLE IF NOT EXISTS `Records` (
  `ID` int(6) NOT NULL AUTO_INCREMENT,
  `time` int(8) NOT NULL,
  `date` date NOT NULL,
  `path` int(11) NOT NULL,
  `validity` tinyint(1) NOT NULL,
  `topiclink` text NOT NULL,
  `category` int(1) NOT NULL,
  PRIMARY KEY (`ID`),
  KEY `instance` (`path`),
  KEY `category` (`category`)
) ENGINE=InnoDB  DEFAULT CHARSET=latin1 AUTO_INCREMENT=214 ;

--
-- Vedos taulusta `Records`
--

INSERT INTO `Records` (`ID`, `time`, `date`, `path`, `validity`, `topiclink`, `category`) VALUES
(1, 1135000, '2015-01-10', 34, 0, 'iV-The-Ruined-City-of-Arah-Path-4-18-55', 1),
(4, 532000, '2015-01-04', 20, 0, 'http://www.dtguilds.com/forum/m/6563292/viewthread/18328355-iv-cof-p2-852-restricted', 1),
(7, 471000, '2015-07-25', 29, 1, 'https://forum-en.guildwars2.com/forum/game/dungeons/LOD-CoE-Path-1-2-3-All-Time-Restricted', 1),
(8, 252000, '2014-10-12', 2, 0, 'SC-Ascalonian-Catacombs-Speedclear-Series', 1),
(9, 423000, '2014-10-18', 3, 0, 'SC-Ascalonian-Catacombs-Speedclear-Series', 1),
(10, 546000, '2014-10-24', 4, 0, 'SC-Ascalonian-Catacombs-Speedclear-Series', 1),
(11, 207000, '2014-11-17', 6, 0, 'http://gwscr.com/forum/viewtopic.php?f=6&t=773', 1),
(12, 169000, '2014-11-26', 7, 0, 'http://gwscr.com/forum/viewtopic.php?f=6&t=792', 1),
(13, 157000, '2014-11-15', 8, 0, 'http://gwscr.com/forum/viewtopic.php?f=6&t=771', 1),
(14, 360000, '2014-11-22', 10, 0, 'http://gwscr.com/forum/viewtopic.php?f=6&t=785', 1),
(15, 307000, '2015-01-10', 11, 0, 'http://www.reddit.com/r/Guildwars2/comments/2rynky/sc_twilight_arbor_up_507/', 1),
(16, 556000, '2014-11-02', 14, 0, 'http://gwscr.com/forum/viewtopic.php?f=6&t=759', 1),
(17, 178000, '2014-11-23', 15, 0, 'SC-SE-P1-2-58', 1),
(18, 298000, '2014-11-02', 18, 0, 'http://gwscr.com/forum/viewtopic.php?f=6&t=760', 1),
(19, 434000, '2014-10-25', 33, 0, 'SC-The-Ruined-City-of-Arah-Path-3-7-14', 1),
(20, 484000, '2014-12-22', 31, 0, 'The-Ruined-City-of-Arah-P1-8-04-by-qT', 1),
(21, 349000, '2014-10-24', 9, 0, 'http://gwscr.com/forum/viewtopic.php?f=6&t=752', 1),
(22, 1073000, '2014-11-20', 12, 0, 'http://gwscr.com/forum/viewtopic.php?f=6&t=778', 1),
(23, 212000, '2014-11-04', 5, 0, 'http://gwscr.com/forum/viewtopic.php?f=6&amp;t=762', 1),
(24, 573000, '2014-12-07', 16, 0, 'http://gwscr.com/forum/viewtopic.php?f=6&t=807', 1),
(25, 227000, '2014-12-07', 17, 0, 'http://gwscr.com/forum/viewtopic.php?f=6&t=1596', 1),
(26, 460000, '2014-09-28', 21, 0, 'http://gwscr.com/forum/viewtopic.php?f=6&t=721', 1),
(27, 297000, '2014-10-25', 19, 0, 'http://gwscr.com/forum/viewtopic.php?f=6&amp;t=755', 1),
(28, 615000, '2014-09-21', 32, 0, 'http://gwscr.com/forum/viewtopic.php?f=6&t=710', 1),
(29, 1931000, '2014-10-07', 30, 0, 'http://gwscr.com/forum/viewtopic.php?f=6&t=732', 1),
(30, 610000, '2014-12-05', 26, 0, 'http://gwscr.com/forum/viewtopic.php?f=6&t=801', 1),
(31, 430000, '2014-12-05', 27, 0, 'http://gwscr.com/forum/viewtopic.php?f=6&t=802', 1),
(32, 520000, '2014-12-05', 28, 0, 'http://gwscr.com/forum/viewtopic.php?f=6&t=802', 1),
(33, 518000, '2014-12-05', 29, 0, 'http://gwscr.com/forum/viewtopic.php?f=6&t=783', 1),
(34, 437000, '2014-11-23', 22, 0, 'http://gwscr.com/forum/viewtopic.php?f=6&t=787', 1),
(35, 343000, '2015-01-20', 24, 0, 'http://www.dtguilds.com/forum/m/6563292/viewthread/17902026-krs-hotw-path-2-543min/post/', 1),
(36, 279000, '2014-11-23', 23, 0, 'http://www.dtguilds.com/forum/m/6563292/viewthread/18040381-krs-hotw-path-1-439-restricted', 1),
(38, 330000, '2015-01-20', 24, 0, 'GWSCR-initiative-Content/page/2#post4742636', 1),
(39, 335000, '2015-01-20', 25, 0, 'GWSCR-initiative-Content/page/2#post4742636', 1),
(40, 386000, '2014-12-21', 21, 0, 'GWSCR-initiative-Content/page/2#post4742636', 1),
(41, 328000, '2014-11-11', 9, 0, 'http://gwscr.com/forum/viewtopic.php?f=6&t=767', 1),
(42, 209000, '2015-02-01', 5, 0, 'https://forum-en.guildwars2.com/forum/game/dungeons/qT-Cm-Story-3-29-min-Restricted/', 1),
(43, 248000, '2014-03-17', 23, 0, 'http://www.reddit.com/r/Guildwars2/comments/20mwjk/snow_crowssc_hotw_p1_speed_clear/', 1),
(44, 74000, '2014-04-04', 45, 0, 'Snow-Crows-SC-having-fun-with-Mossman', 1),
(45, 498000, '2015-02-03', 16, 0, 'https://forum-en.guildwars2.com/forum/game/dungeons/NoFB-SE-P2-8-18-min-Restricted/', 1),
(46, 1042000, '2015-02-05', 10, 0, 'https://forum-en.guildwars2.com/forum/game/dungeons/Solo-TA-Foward-17-22/', 3),
(47, 368000, '2015-02-05', 1, 0, 'https://forum-en.guildwars2.com/forum/game/dungeons/Solo-TA-Foward-17-22/', 3),
(48, 557000, '2015-01-28', 2, 0, 'https://forum-en.guildwars2.com/forum/game/dungeons/Solo-TA-Foward-17-22/', 3),
(49, 807000, '2015-01-29', 4, 0, 'Solo-TA-Foward-17-22', 3),
(50, 578000, '2014-06-06', 1, 0, 'https://forum-en.guildwars2.com/forum/game/dungeons/Solo-TA-Foward-17-22/', 3),
(51, 538000, '2014-11-29', 2, 0, 'https://forum-en.guildwars2.com/forum/game/dungeons/Solo-TA-Foward-17-22/', 3),
(52, 956000, '2014-09-20', 4, 0, 'https://forum-en.guildwars2.com/forum/game/dungeons/Solo-TA-Foward-17-22/', 3),
(53, 829000, '2014-12-29', 6, 0, 'https://forum-en.guildwars2.com/forum/game/dungeons/Solo-TA-Foward-17-22/', 3),
(54, 578000, '2015-01-11', 7, 0, 'https://forum-en.guildwars2.com/forum/game/dungeons/Solo-TA-Foward-17-22/', 3),
(55, 487000, '2014-12-09', 8, 0, 'https://forum-en.guildwars2.com/forum/game/dungeons/Solo-TA-Foward-17-22/', 3),
(56, 1039000, '2014-10-28', 18, 0, 'https://forum-en.guildwars2.com/forum/game/dungeons/Solo-TA-Foward-17-22/', 3),
(57, 250000, '2015-02-09', 47, 0, 'Yet-Frac-50-Uncategorized-4-10-Restricted', 1),
(58, 536000, '2015-02-11', 5, 0, '', 3),
(59, 922000, '2015-02-11', 9, 0, '', 3),
(60, 88000, '2014-06-08', 44, 0, 'http://gwscr.com/forum/viewtopic.php?f=33&t=595', 1),
(61, 330000, '2015-02-07', 25, 0, 'https://forum-en.guildwars2.com/forum/game/dungeons/NoFB-Hotw-P3-5-30min-Restricted', 1),
(62, 600000, '2015-02-07', 26, 0, 'https://forum-en.guildwars2.com/forum/game/dungeons/qT-CoE-Story-10-00-min-Restricted', 1),
(63, 948000, '2014-05-03', 12, 0, 'http://gwscr.com/forum/viewtopic.php?f=6&t=531', 1),
(64, 694000, '2014-09-08', 38, 0, 'https://forum-en.guildwars2.com/forum/game/dungeons/sKe-LF-Cliffside-49-AllTimeRecord-11-34/', 1),
(65, 416000, '2014-09-27', 42, 0, 'https://forum-en.guildwars2.com/forum/game/dungeons/KING-Fractal-50-All-Time-Records/', 2),
(66, 651000, '2014-12-24', 38, 0, 'https://forum-en.guildwars2.com/forum/game/dungeons/KING-Fractal-50-All-Time-Records/', 2),
(67, 409000, '2015-01-13', 51, 0, 'https://forum-en.guildwars2.com/forum/game/dungeons/KING-Fractal-50-All-Time-Records/first', 1),
(68, 135000, '2014-09-19', 41, 0, 'https://forum-en.guildwars2.com/forum/game/dungeons/KING-Fractal-50-All-Time-Records/', 2),
(69, 1165000, '2015-02-13', 17, 0, 'SC-Solo-Sorrow-Embrace-P3-19-25', 3),
(70, 237000, '2014-10-20', 1, 0, '', 4),
(71, 367000, '2014-10-15', 2, 0, '', 4),
(72, 657000, '2014-09-03', 4, 0, '', 4),
(73, 298000, '2014-09-05', 8, 0, '', 4),
(74, 311000, '2015-01-17', 7, 0, '', 4),
(75, 165000, '2015-02-14', 41, 0, 'https://forum-en.guildwars2.com/forum/game/dungeons/SC-Molten-Duo-2-45/', 1),
(76, 551000, '2015-02-16', 8, 0, 'https://forum-en.guildwars2.com/forum/game/dungeons/qT-Thief-Solo-CM-P3-9-11-min-Restricted', 3),
(77, 812000, '2015-02-17', 3, 0, 'SC-Solo-Ascalonian-Catacombs-P2-13-32', 3),
(78, 275000, '2015-02-17', 50, 0, 'https://forum-en.guildwars2.com/forum/game/dungeons/Yet-F50-Urban-Battleground-4-35-Restricted/first', 1),
(79, 325000, '2015-02-14', 25, 0, 'https://forum-en.guildwars2.com/forum/game/dungeons/LOD-HotW-Path-3-5-25-Restricted/', 1),
(80, 299000, '2015-02-14', 24, 0, 'https://forum-en.guildwars2.com/forum/game/dungeons/NoFB-HotW-Path-2-4-59-min-Restricted/', 1),
(81, 574000, '2015-02-19', 32, 0, 'https://forum-en.guildwars2.com/forum/game/dungeons/qT-The-Ruined-City-of-Arah-P2-9-34-min/first#post4813300', 1),
(82, 574000, '2015-02-19', 32, 0, 'https://forum-en.guildwars2.com/forum/game/dungeons/qT-The-Ruined-City-of-Arah-P2-9-34-min/first#post4813300', 1),
(83, 753000, '2015-02-21', 4, 0, 'SC-Solo-Ascalonian-Catacombs-P3-12-33', 3),
(84, 154000, '2015-02-22', 41, 0, 'https://forum-en.guildwars2.com/forum/game/dungeons/LOD-Molten-Boss-Fractal-2-34-Restricted', 1),
(85, 652000, '2015-02-19', 38, 0, 'https://forum-en.guildwars2.com/forum/game/dungeons/LOD-Cliffside-Fractal-10-52-Restricted/first#post4820653', 1),
(86, 634000, '2015-02-24', 4, 0, 'https://forum-en.guildwars2.com/forum/game/dungeons/SC-Duo-Ascalonian-Catacombs-P3-10-34/first#post4826840', 4),
(87, 368000, '2015-02-26', 6, 0, 'https://forum-en.guildwars2.com/forum/game/dungeons/SC-Duo-Caudecus-s-Manor-P1-6-08/first#post4830262', 4),
(88, 455000, '2015-02-28', 40, 0, 'Yet-F50-Mai-Trin-Fractal-7-35-Restricted', 1),
(89, 242000, '2015-02-28', 2, 0, 'qT-Ascalonian-Catacombs-Path-1-4-02-min', 1),
(90, 730000, '2015-02-27', 5, 0, 'LoGo-Thief-Solo-CM-Story-12m10s', 3),
(91, 511000, '2015-03-03', 5, 0, 'https://forum-en.guildwars2.com/forum/game/dungeons/qT-Thief-Solo-CM-Story-8-31-min/', 3),
(92, 463000, '2015-03-05', 5, 0, 'qT-Thief-Solo-CM-Story-7-43-min', 3),
(93, 503000, '2015-03-03', 5, 0, 'SC-Solo-Caudecus-s-Manor-Story-8-23', 3),
(94, 462000, '2015-03-05', 5, 0, 'SC-Solo-CM-Story-7-42', 3),
(95, 295000, '2015-03-05', 5, 0, 'https://forum-en.guildwars2.com/forum/game/dungeons/qT-SC-CM-Story-Duo-4-55-min/', 4),
(96, 290000, '2015-03-04', 49, 0, 'https://forum-en.guildwars2.com/forum/game/dungeons/Yet-Underground-Facility-4-50-Restricted/', 1),
(97, 142000, '2015-03-15', 41, 0, 'https://forum-en.guildwars2.com/forum/game/dungeons/KING-Molten-Duo-Record-2-22-Restricted/first#post4895080', 1),
(98, 613000, '2015-03-19', 10, 0, 'https://forum-en.guildwars2.com/forum/game/dungeons/qT-Twilight-Arbor-Forward-Duo-10-13-min/', 4),
(99, 1054000, '2015-03-14', 12, 0, 'Baum-TA-Aetherpath-17-34-Restricted', 1),
(100, 1105000, '2015-03-11', 34, 0, 'iV-The-Ruined-City-of-Arah-Path-4-18-25', 1),
(101, 565000, '2015-03-27', 32, 0, 'Kop-Tek-Arah-P2-All-Time-Record-9-25', 1),
(102, 406000, '2015-04-05', 3, 0, 'https://forum-en.guildwars2.com/forum/game/dungeons/LOD-Ascalonian-Catacombs-Path-Two-6-46/first#post4954191', 1),
(103, 269000, '2015-04-06', 2, 0, 'https://forum-en.guildwars2.com/forum/game/dungeons/Trio-Ascalonian-Catacombs-P1-4-29-By-SC/first#post4955550', 5),
(104, 1066000, '2015-04-11', 34, 0, 'LOD-Arah-Path-4-17-46-min', 1),
(105, 190000, '2015-04-10', 17, 0, 'Intricacy-iV-Sorrow-s-Embrace-P3-3-10', 1),
(106, 182000, '2015-04-17', 17, 0, 'qT-Sorrow-s-Embrace-P3-3-02-min', 1),
(107, 273000, '2015-04-12', 6, 0, 'Trio-CM-P1-4-33-By-Snow-Crows-SC', 5),
(108, 545000, '2015-04-18', 4, 0, 'https://forum-en.guildwars2.com/forum/game/dungeons/Trio-Ascalonian-Catacombs-P3-9-05/first#post4984166', 5),
(109, 410000, '2015-04-19', 16, 0, 'https://forum-en.guildwars2.com/forum/game/dungeons/iV-SC-Sorrow-s-Embrace-P2-6-50/first#post4986503', 1),
(110, 80000, '2014-11-07', 44, 0, '', 1),
(111, 353000, '2015-04-24', 21, 0, 'Intricacy-iV-Citadel-of-Flames-P3-5-53', 1),
(112, 163000, '2015-05-01', 1, 0, 'Snow-Crows-SC-Trio-AC-Story-2-43', 5),
(113, 267000, '2015-05-09', 15, 0, 'https://forum-en.guildwars2.com/forum/game/dungeons/Trio-SE-P1-4m27s/first#post5047927', 5),
(114, 318000, '2015-05-01', 2, 0, 'https://forum-en.guildwars2.com/forum/game/dungeons/Duo-AC-P1-5-18/first#post5026245', 4),
(115, 179000, '2015-04-28', 1, 0, 'qT-AC-story-2-59-and-Cof-Story-7-19-Trio', 5),
(116, 439000, '2015-03-30', 18, 0, 'qT-AC-story-2-59-and-Cof-Story-7-19-Trio', 5),
(117, 977000, '2015-05-10', 34, 0, 'Vis-Invicta-vC-Arah-P4-16-17', 1),
(118, 627000, '2015-04-11', 38, 0, 'HeX-Cliffside-Fractal-10-27', 1),
(119, 189000, '2015-05-10', 44, 0, 'https://forum-en.guildwars2.com/forum/game/dungeons/Swamp-FotM-50-Duo-3-09/', 4),
(120, 70000, '2015-05-12', 44, 0, 'vC-SC-Bloomhunger-1-10-Restricted', 1),
(121, 713000, '2015-05-08', 39, 0, 'LOD-Molten-Furnace-11m53s-Restricted', 1),
(122, 650000, '2015-05-10', 39, 0, 'HeX-Molten-Facility-10-50-Restricted', 1),
(123, 362000, '2015-05-14', 11, 0, 'qT-Twilight-Arbor-Up-Trio-6-02-min', 5),
(124, 562000, '2015-05-16', 10, 0, 'qT-Twilight-Arbor-Forward-Duo-9-22-min', 4),
(125, 256000, '2015-05-15', 8, 0, 'CM-Path-3-4-min-20-Restricted', 1),
(126, 397000, '2015-05-14', 18, 0, 'qT-COF-Story-Trio-6-37-Restricted', 5),
(127, 252000, '2015-05-16', 8, 0, 'Fire-CMp3-4-12ish-restricted-legit', 6),
(128, 349000, '2015-05-17', 19, 0, 'https://forum-en.guildwars2.com/forum/game/dungeons/Restricted-CoF-P1-5-49-REN/', 1),
(129, 197000, '2015-05-16', 8, 0, 'geek-CM-P3-3-18-restricted', 1),
(130, 505000, '2015-05-19', 2, 0, 'https://forum-en.guildwars2.com/forum/game/dungeons/qT-AC-Path-1-Solo-Ele-8-24-min/', 3),
(131, 515000, '2015-05-19', 38, 0, 'https://forum-en.guildwars2.com/forum/game/dungeons/vC-F50-Cliffside-8-35-Restricted/first#post5081611', 1),
(132, 325000, '2015-05-22', 1, 0, 'https://forum-en.guildwars2.com/forum/game/dungeons/qT-AC-Story-Solo-Ele-5-25-min/', 3),
(133, 413000, '2015-05-21', 33, 0, 'https://forum-en.guildwars2.com/forum/game/dungeons/SC-Arah-P3-6m53s/first#post5090044', 1),
(134, 144000, '2015-05-23', 1, 0, 'https://forum-en.guildwars2.com/forum/game/dungeons/SC-Ac-Story-2-24', 1),
(135, 154000, '2015-05-23', 7, 0, 'https://forum-en.guildwars2.com/forum/game/dungeons/qT-CM-Path-2-2-34-min/first#post5096156', 1),
(137, 391000, '2015-05-25', 33, 0, 'https://forum-en.guildwars2.com/forum/game/dungeons/Arah-p3-6-31-By-Snow-Crows-SC/first#post5097690', 1),
(138, 236000, '2015-05-24', 7, 0, 'https://forum-en.guildwars2.com/forum/game/dungeons/qT-Caudecus-s-Manor-P2-Trio-3-56-min', 5),
(139, 313000, '2015-06-02', 21, 0, 'qT-CoF-Path-3-5-13-min', 1),
(140, 179000, '2015-05-30', 8, 0, 'iG-Caudecus-s-Manor-p3-2-59', 1),
(141, 211000, '2015-05-31', 1, 0, 'qT-AC-Story-Duo-3-31-min', 4),
(142, 117000, '2015-06-06', 41, 0, 'Yet-Fractal-50-Molten-Duo-1-57-Restricted', 1),
(143, 274000, '2015-03-16', 23, 0, 'LN-ONE-HOTW-P1-4-33', 1),
(144, 282000, '2015-06-10', 19, 0, 'https://forum-en.guildwars2.com/forum/game/dungeons/Yoga-CoF-p1-4-42-Restricted', 1),
(145, 239000, '2015-06-13', 24, 0, 'https://forum-en.guildwars2.com/forum/game/dungeons/qT-SC-Hotw-Path-2-3-59-min', 1),
(146, 258000, '2015-06-10', 23, 0, 'https://forum-en.guildwars2.com/forum/game/dungeons/TDN-HotW-Path-1-4-18-min-restricted', 1),
(147, 438000, '2015-06-12', 31, 0, 'https://forum-en.guildwars2.com/forum/game/dungeons/rT-Arah-P1-7-18-Restricted', 1),
(148, 251000, '2015-06-22', 15, 0, 'https://forum-en.guildwars2.com/forum/game/dungeons/geek-SE-P1-Trio-4-11-min/', 5),
(149, 212000, '2015-06-15', 37, 0, 'https://forum-en.guildwars2.com/forum/game/dungeons/LOD-Aquatic-Ruins-Deep-3-32-Restricted/', 1),
(151, 643000, '2015-06-15', 39, 0, 'https://forum-en.guildwars2.com/forum/game/dungeons/Yet-Molten-Facility-10-43', 1),
(152, 220000, '2015-06-19', 23, 0, 'https://forum-en.guildwars2.com/forum/game/dungeons/want-HoTW-Path-1-3-40-Restricted', 1),
(156, 212000, '2015-07-12', 47, 1, 'https://forum-en.guildwars2.com/forum/game/dungeons/vC-Uncategorized-Fractal-3-32-Restricted/first', 1),
(159, 389000, '2015-07-17', 33, 1, 'https://forum-en.guildwars2.com/forum/game/dungeons/DnT-Ambro-Arah-P3-6-29-World-Record', 1),
(160, 389000, '2015-07-17', 33, 0, 'https://forum-en.guildwars2.com/forum/game/dungeons/DnT-Ambro-Arah-P3-6-29-World-Record', 1),
(161, 239000, '2015-07-04', 25, 1, 'vC-HotW-P3-3-59-Restricted', 1),
(162, 376000, '2015-07-18', 27, 1, 'https://forum-en.guildwars2.com/forum/game/dungeons/LaLa-CoE-P1-6-16-World-Record/', 1),
(163, 588000, '2015-06-23', 11, 0, 'TA-UP-Duo-09-48', 2),
(164, 485000, '2015-07-26', 29, 1, 'LaLa-CoE-Path-3-8-05-Restricted-Record', 1),
(165, 366000, '2015-07-22', 27, 1, 'https://forum-en.guildwars2.com/forum/game/dungeons/LOD-CoE-Path-1-2-3-All-Time-Restricted', 1),
(166, 464000, '2015-07-12', 28, 1, 'https://forum-en.guildwars2.com/forum/game/dungeons/LOD-CoE-Path-1-2-3-All-Time-Restricted', 1),
(167, 471000, '2015-07-25', 29, 1, 'https://forum-en.guildwars2.com/forum/game/dungeons/LOD-CoE-Path-1-2-3-All-Time-Restricted', 1),
(168, 67000, '2015-07-18', 45, 1, 'https://forum-en.guildwars2.com/forum/game/dungeons/SC-Swampland-Mossman-1-07/first#post5316105', 1),
(169, 62000, '2015-07-18', 44, 1, 'https://forum-en.guildwars2.com/forum/game/dungeons/SC-Swampland-Mossman-1-07/first#post5316105', 1),
(170, 884000, '2015-07-20', 12, 1, 'https://forum-en.guildwars2.com/forum/game/dungeons/LOD-TA-Aetherpath-14-44-Restricted/first#post5313824', 1),
(171, 373000, '2015-06-30', 44, 1, 'vC-Solo-Swampland-6-13', 3),
(172, 250000, '2015-07-24', 21, 1, 'https://forum-en.guildwars2.com/forum/game/dungeons/qT-Citadel-of-Flame-Path-3-4-10-min/first#post5318388', 1),
(173, 848000, '2015-06-26', 12, 0, 'https://forum-en.guildwars2.com/forum/game/dungeons/LN-TA-Aetherpath-14-08-Restricted/first#post5335603', 1),
(174, 81000, '2015-07-18', 45, 1, 'https://forum-en.guildwars2.com/forum/game/dungeons/DnT-Swampland-Mossman-1-22-Restricted/first#post5294625', 1),
(175, 179000, '2015-07-27', 24, 1, 'https://forum-en.guildwars2.com/forum/game/dungeons/vC-HoTW-p2-2-59-Restricted/', 1),
(176, 322000, '2015-07-18', 22, 1, 'https://forum-en.guildwars2.com/forum/game/dungeons/vC-HoTW-Story-5-22/', 1),
(177, 257000, '2015-07-23', 21, 1, 'https://forum-en.guildwars2.com/forum/game/dungeons/vC-CoF-p3-4-17/first#post5313808', 1),
(178, 174000, '2015-08-04', 23, 1, 'https://forum-en.guildwars2.com/forum/game/dungeons/vC-Hotw-P1-2-54-Record/first#post5351592', 1),
(179, 377000, '2015-08-04', 31, 1, 'https://forum-en.guildwars2.com/forum/game/dungeons/vC-Arah-p1-6-17-Restricted-Record/first#post5348646', 1),
(180, 341000, '2015-08-04', 44, 1, 'https://forum-en.guildwars2.com/forum/game/dungeons/rT-Swampland-bloomy-solo-5-41-record/', 3),
(181, 358000, '2015-08-04', 27, 1, 'https://forum-en.guildwars2.com/forum/game/dungeons/LaLa-CoE-P1-5-59/first#post5347408', 1),
(183, 173000, '2015-08-06', 15, 1, 'https://forum-en.guildwars2.com/forum/game/dungeons/vC-SE-p1-2-53-Restricted-Record', 1),
(184, 295000, '2015-03-05', 5, 0, 'https://forum-en.guildwars2.com/forum/game/dungeons/qT-SC-CM-Story-Duo-4-55-min/', 5),
(185, 304000, '2015-08-10', 5, 1, 'https://forum-en.guildwars2.com/forum/game/dungeons/rP-geek-CM-Story-5-05min-Trio-Record', 5),
(186, 159000, '2015-08-14', 15, 1, 'https://forum-en.guildwars2.com/forum/game/dungeons/SC-SE-P1-2-39-Restricted', 1),
(187, 158000, '2015-08-18', 37, 1, 'https://forum-en.guildwars2.com/forum/game/dungeons/vC-Aquatic-Ruins-Krait-2-38-Restricted', 1),
(188, 388000, '2015-08-21', 3, 1, 'https://forum-en.guildwars2.com/forum/game/dungeons/vC-AC-p2-6-27', 1),
(189, 1127000, '2015-08-21', 23, 1, 'https://forum-en.guildwars2.com/forum/game/dungeons/Solo-Hotw-P1-18-46', 3),
(190, 933000, '2015-08-25', 23, 1, 'https://forum-en.guildwars2.com/forum/game/dungeons/HoTW-P1-15-32-Solo-Warrior', 3),
(191, 519000, '2015-08-28', 32, 1, 'https://forum-en.guildwars2.com/forum/game/dungeons/vC-Arah-P2-8-39', 1),
(192, 925000, '2015-08-30', 23, 1, 'https://forum-en.guildwars2.com/forum/game/dungeons/Solo-Hotw-P1-15-24', 3),
(193, 168000, '2015-08-30', 44, 1, 'https://forum-en.guildwars2.com/forum/game/dungeons/Duo-Swampland-2-47-Restricted', 4),
(194, 824000, '2015-08-31', 23, 1, 'https://forum-en.guildwars2.com/forum/game/dungeons/HoTW-p1-13-42-Solo-Warrior', 3),
(195, 911000, '2015-08-31', 34, 1, 'https://forum-en.guildwars2.com/forum/game/dungeons/vC-Arah-P4-15-11-Record', 1),
(196, 411000, '2015-08-31', 23, 1, '', 4),
(199, 822000, '2015-09-01', 23, 1, 'https://forum-en.guildwars2.com/forum/game/dungeons/Solo-Hotw-P1-13-42', 3),
(201, 806000, '2015-09-02', 23, 1, 'https://forum-en.guildwars2.com/forum/game/dungeons/HoTW-P1-13-26-solo-Warrior', 3),
(202, 155000, '2015-09-03', 44, 1, 'https://forum-en.guildwars2.com/forum/game/dungeons/Swampland-50-Bloomhunger-duo-2-35', 4),
(203, 141000, '2015-09-04', 44, 1, 'https://forum-en.guildwars2.com/forum/game/dungeons/Duo-Swampland-Bloomhunger-2-21', 4),
(204, 673000, '2015-09-17', 29, 1, 'https://forum-en.guildwars2.com/forum/game/dungeons/rP-CoE-P3-11-14min-Trio-Record', 5),
(205, 627000, '2015-09-11', 51, 1, 'https://forum-en.guildwars2.com/forum/game/dungeons/F50-Volcanic-duo-10-26', 4),
(206, 377000, '2015-09-28', 3, 1, 'https://forum-en.guildwars2.com/forum/game/dungeons/LN-Ascalon-Path-2-6-18-Record-Restricted', 1),
(207, 798000, '2015-09-28', 12, 1, 'https://forum-en.guildwars2.com/forum/game/dungeons/LN-TA-Aetherpath-13-18-Alltime-Restricted', 1),
(208, 1069000, '2015-10-05', 32, 1, 'https://forum-en.guildwars2.com/forum/game/dungeons/Arah-P2-Duo-17-50', 4),
(209, 414000, '2015-09-28', 17, 1, 'https://forum-en.guildwars2.com/forum/game/dungeons/rP-SE-P3-Trio-6-54min-Trio-Record', 5),
(210, 569000, '2015-10-13', 10, 1, 'https://forum-en.guildwars2.com/forum/game/dungeons/rP-TA-Forward-Trio-9-29-min-Trio-Record', 5),
(211, 1501000, '2015-12-05', 32, 1, 'Arah-P2-Solo-25-min', 3),
(212, 810000, '2015-12-27', 33, 1, 'Arah-P3-Duo-13-29', 4),
(213, 793000, '2016-01-13', 32, 1, 'vC-Arah-p2-13-12-duo', 4);

-- --------------------------------------------------------

--
-- Rakenne taululle `Rules`
--

CREATE TABLE IF NOT EXISTS `Rules` (
  `ID` int(11) NOT NULL AUTO_INCREMENT,
  `ruleset` int(11) NOT NULL,
  `date` date NOT NULL,
  PRIMARY KEY (`ID`)
) ENGINE=InnoDB  DEFAULT CHARSET=latin1 AUTO_INCREMENT=9 ;

--
-- Vedos taulusta `Rules`
--

INSERT INTO `Rules` (`ID`, `ruleset`, `date`) VALUES
(1, 0, '2014-01-01'),
(2, 1, '2014-10-13'),
(3, 2, '2015-01-31'),
(4, 3, '2015-06-08'),
(5, 4, '2015-06-15'),
(6, 5, '2015-06-22'),
(7, 6, '2015-07-20'),
(8, 7, '2015-08-10');

-- --------------------------------------------------------

--
-- Rakenne taululle `Videos`
--

CREATE TABLE IF NOT EXISTS `Videos` (
  `ID` int(11) NOT NULL AUTO_INCREMENT,
  `link` text NOT NULL,
  `record` int(11) NOT NULL,
  `characterID` int(11) NOT NULL,
  PRIMARY KEY (`ID`),
  KEY `record` (`record`),
  KEY `character` (`characterID`)
) ENGINE=InnoDB  DEFAULT CHARSET=latin1 AUTO_INCREMENT=821 ;

--
-- Vedos taulusta `Videos`
--

INSERT INTO `Videos` (`ID`, `link`, `record`, `characterID`) VALUES
(1, 'aap1LeSm5Fg', 1, 1),
(2, '7BoW84XguJ4 ', 1, 2),
(3, 'ltv2xxBQgwM ', 1, 3),
(4, 'uuIjb9rEkn8 ', 1, 4),
(5, 'YIdi1lLUO_8', 1, 5),
(8, '0OiNYbWFIAg', 4, 3),
(9, 'fvjL9QjMT9Q', 4, 18),
(10, '4p7hBQwZ8MA', 4, 4),
(11, 'RlXtAWIDlHs', 4, 20),
(12, '2_t3bM9W6ig', 4, 19),
(13, 'NddZLzGTGaY', 7, 326),
(18, 'KHJfIOstTk4', 7, 101),
(19, '7cTCVF1j7v8', 7, 325),
(20, 'APBUN-yZiyQ', 7, 329),
(21, '', 7, 328),
(22, '141p7RHYDDM', 8, 37),
(23, 'O9Q1qBIFcCk', 8, 31),
(24, '', 8, 32),
(25, 'A2SamoHD8rg', 8, 34),
(26, 'ifC6WcftIgY', 8, 35),
(27, 'qeMDGC9yflc', 9, 37),
(28, '88GIqtXypX4', 9, 32),
(29, 'dyvS1wZw2KU', 9, 11),
(30, 'prJHoP0OZtg', 9, 34),
(31, '1buwkultoCE', 9, 35),
(32, 'VlT4P5gu6CA', 10, 37),
(33, 'F8rVuXwdOF4', 10, 31),
(34, '', 10, 38),
(35, 'rwnAxfQmdmg', 10, 34),
(36, 'okAGfmYzG6k', 10, 35),
(37, 'Zp6p4JjiKT4', 11, 8),
(38, 'h43MsN8PrMc', 11, 13),
(39, 'QK29VQd085A', 11, 41),
(40, 'AtuFO46LyP0', 11, 34),
(41, 'Z341VhYk1tk', 11, 43),
(42, 'Tn35p972ncA', 12, 12),
(43, 'M76rSl_wGFY', 12, 34),
(44, 'I8o_8A0rIQI', 12, 13),
(45, '5VD8ec0xWsU', 12, 33),
(46, 'yggs6ICCLM0', 12, 8),
(47, 'http://youtu.be/zrCow66DD-s', 13, 8),
(52, 'od3r-V5iaT8', 14, 8),
(53, '2ba5cntqcXU', 14, 44),
(54, '', 14, 47),
(55, '', 14, 45),
(56, '', 14, 46),
(57, 'l-NOwbvYbV0', 15, 8),
(58, '318WD9oOsCE', 15, 44),
(59, 'bRMi5MOi9sQ', 15, 43),
(60, '', 15, 47),
(61, '', 15, 45),
(62, '8IrZ0E1I4S8', 16, 12),
(63, 'c5ZzBLv5tHg', 16, 34),
(64, 'qZ8YXginEI0', 16, 8),
(65, 'BbkCJeehwjM', 16, 13),
(66, 'fdX_bZqa1ms', 16, 33),
(67, 'AC-WLNIxXGY', 17, 12),
(68, 'uoGtdCwYoH4 ', 17, 34),
(69, 'eLm31pBwCpw', 17, 31),
(70, 'CCsEwZg4gSs', 17, 48),
(71, 'tIkMGOxqY9o', 17, 49),
(72, '6ZVAltsxr9o', 18, 50),
(73, 'v7Dgn7c9bXQ', 18, 41),
(74, '24etVvr1slY', 18, 51),
(75, 'MyCKTFELqt0', 18, 8),
(76, 'UzrMYaeBSPU', 18, 52),
(77, 'X0zSEYyoj7M', 19, 12),
(78, 'BDrYUgZu-V8', 19, 8),
(79, 'cZxHIxn6yvw ', 19, 52),
(80, 'uZtFkV2dzrM', 19, 50),
(81, 'mmuNijC4BFg', 19, 33),
(82, '6zbAAATHz7s', 20, 15),
(83, 'seloanM0y_k', 20, 14),
(84, '', 20, 53),
(85, '9JbiMLN0fUY', 20, 54),
(86, 'QuKuoawdC60', 20, 16),
(87, 'zMM8Z_-Cesc', 21, 55),
(88, '_EKPDCYpupA', 21, 31),
(89, 'EWHAvar8nHY', 21, 41),
(90, '2tmEeIpkIJo', 21, 11),
(91, 'AsjRM3q3stY', 21, 8),
(92, 'http://www.twitch.tv/selene_arvine/c/5535047', 22, 56),
(93, 'SpYNTQwT-3M', 22, 57),
(94, '', 22, 58),
(95, '', 22, 59),
(96, '', 22, 60),
(97, 'cyVYU07Qrg0', 23, 14),
(98, '', 23, 61),
(99, 'obq9otwmnxU', 23, 62),
(100, '', 23, 63),
(101, '', 23, 64),
(102, 'WvPJSx5T3O0', 24, 69),
(103, 'Wy_nSprHbEo', 24, 67),
(104, '', 24, 65),
(105, '', 24, 66),
(106, 'anXjmnvFL4w', 24, 68),
(107, 'm6kIXhQglCY', 25, 19),
(108, 'VF7QbnDkyFg', 25, 3),
(109, 'VvVgWZ-GoAg', 25, 20),
(110, '', 25, 70),
(111, '', 25, 4),
(112, '2DjM-x7jULA', 26, 50),
(113, 'fZi2xB_2Kl8', 26, 12),
(114, '', 26, 8),
(115, '', 26, 51),
(116, '', 26, 71),
(117, '', 27, 47),
(118, '-difpkXnw0I', 27, 44),
(119, 'CrdNwx4Uyg8', 27, 72),
(120, '', 27, 73),
(121, '', 27, 74),
(122, 'n_2fDefVO_g', 28, 75),
(123, 'DijmioEeg_s', 28, 76),
(124, '', 28, 77),
(125, '', 28, 54),
(126, 'Id1KvHjwA8E', 28, 62),
(127, 'KIRAZs7LM9o', 29, 78),
(128, 'Y_rBQK_4xxY', 29, 79),
(129, '', 29, 80),
(130, '', 29, 81),
(131, '', 29, 82),
(132, 'V4edlBZJZY0', 30, 83),
(133, '', 30, 86),
(134, 'J2k5DJdMh_U', 30, 116),
(135, '', 30, 54),
(136, '', 30, 84),
(137, 'SgSYhlVubH0', 31, 88),
(138, '6Ezq90lKZHc', 31, 15),
(139, '2y3W4A6hbrs', 31, 14),
(140, '', 31, 87),
(141, '', 31, 84),
(142, 'PPlI1d3S3KA', 32, 14),
(143, 'TXxWsJ0a6Zo', 32, 88),
(144, 'RaJ6UL238IY', 32, 89),
(145, 'tMtOpnQ1n7o', 32, 90),
(146, '', 32, 54),
(147, 'qLsaB3KPX14', 33, 14),
(148, 'llgrlypiuSQ', 33, 15),
(149, '', 33, 91),
(150, '', 33, 84),
(151, 'w2jZkjI0Bxs', 33, 62),
(152, 'u-lC7IWjYGc', 34, 92),
(153, 'P8z40Ki7PtU', 34, 93),
(154, '', 34, 94),
(155, '', 34, 95),
(156, '', 34, 96),
(157, 'a_bBBqp476M', 35, 93),
(158, '', 35, 95),
(159, 'NDa4bwkTjqM', 35, 92),
(160, '', 35, 97),
(161, '', 35, 96),
(162, 'cC1Cmserl_U', 36, 93),
(163, '', 36, 98),
(164, 'Pn9ji1EoDEY', 36, 92),
(165, '', 36, 96),
(166, 'lTIVwC0druw', 36, 95),
(167, 'http://youtu.be/7coyLAP1e-4', 13, 12),
(168, 'http://youtu.be/Ha5Q6XiqR5k', 13, 13),
(169, 'http://youtu.be/O22Q32BrMcE', 13, 11),
(170, 'http://youtu.be/AC6Fk6feu4M', 13, 10),
(176, 'szqB_I-Wc04', 38, 99),
(177, '', 38, 100),
(178, '', 38, 101),
(179, '', 38, 17),
(180, 'B83lo07JcfA', 38, 102),
(181, '', 39, 99),
(182, 'daiKfBHMOR0', 39, 101),
(183, '', 39, 100),
(184, 'S1AG4801s8c', 39, 17),
(185, '', 39, 103),
(186, 'bmc9IhxrXxw', 40, 18),
(187, 'ZTXRdA1CCLE', 40, 3),
(188, '', 40, 4),
(189, 'GMeVVqGIgmQ', 40, 5),
(190, '1irFiV0Fytk', 40, 1),
(191, 'L5j7hiG4qD8', 41, 62),
(192, '', 41, 63),
(193, 'N1UKqJUhkvY', 41, 14),
(194, 'QlXxe73IIjs', 41, 15),
(195, '', 41, 104),
(196, 'nzJCZsXW-YA', 42, 14),
(197, 'y_Gyy9BzJ7A', 42, 61),
(198, 'BJ35Zd8PH0A', 42, 106),
(199, 'xEmcx7eUW_o', 42, 105),
(200, '5yeUnZ2HSkM', 42, 62),
(201, 'OzH66kU5iao', 43, 107),
(202, 'V--FQ9dSmvE', 43, 50),
(203, 'cLiIoMiYL1s', 43, 8),
(204, 'Yc8YxWWE9s4', 43, 42),
(205, '', 43, 108),
(206, 'Ll55RA5kU3o', 44, 42),
(207, 'PtyJVDvWOU0', 44, 109),
(208, 'UJCBVlngvXI', 44, 11),
(209, '5pzabiked7k', 44, 50),
(210, 'IqUuucaasuA', 44, 38),
(211, 'eobIFCELA2o', 45, 115),
(212, '9N2g0wOuc3g', 45, 117),
(213, '', 45, 118),
(214, '', 45, 119),
(215, 'loJCU1sAyWU', 45, 120),
(216, 'SCPvucL_e0A', 46, 31),
(217, 'rRXBMiHxSqM', 47, 31),
(218, 'YAfoSz_vMbk', 48, 31),
(219, 'F1xxCi1wVEo', 49, 31),
(220, '9vzNtUOy3CA', 50, 52),
(221, '2gMSucIhDTs', 51, 31),
(222, 'vmYf0Y9fqDU', 52, 52),
(223, 'tL-c5Pc64-k', 53, 52),
(224, 'XJZ_Tn6-J0U', 54, 31),
(225, 'msw6-Fhor8A', 55, 52),
(226, 'LH83E91Z3aY', 56, 52),
(227, 'bvk0iMIrNXo', 57, 127),
(228, '', 57, 80),
(229, 'IJSZFKpCQMQ', 57, 128),
(230, '', 57, 129),
(231, '', 57, 130),
(232, 'kx2Cu3xAgQg', 58, 31),
(233, 'rXLCBfbiu_A', 59, 31),
(234, 'k--R7_mpC_g', 60, 131),
(235, 'TqBvA3VuVXY', 60, 42),
(236, '4AahPlAdG70', 60, 132),
(237, 'VFoEUyod_Vw', 60, 38),
(238, '', 60, 133),
(239, 'https://www.youtube.com/watch?v=unybmNCN-Hw', 61, 116),
(240, '', 61, 134),
(241, '', 61, 135),
(242, 'https://www.youtube.com/watch?v=U20bE6a7-xA', 61, 136),
(243, '', 61, 119),
(244, 'https://www.youtube.com/watch?v=YEMmEz4duns', 62, 116),
(245, 'https://www.youtube.com/watch?v=otX7yTgND5k', 62, 137),
(246, 'https://www.youtube.com/watch?v=pU1rrvQGXHU', 62, 138),
(247, 'https://www.youtube.com/watch?v=f1w7olrF3qc', 62, 139),
(248, 'https://www.youtube.com/watch?v=K7bq8C2J9kw', 62, 140),
(249, ' http://youtu.be/QHWnnIYGpj4', 63, 143),
(250, ' http://youtu.be/NNKHVsu1Wcs', 63, 141),
(251, ' http://youtu.be/x88CmDOWnc4', 63, 142),
(252, '', 63, 144),
(253, '', 63, 145),
(254, '', 64, 151),
(255, '', 64, 149),
(256, '', 64, 150),
(257, 'gwpkONJptjg', 64, 148),
(258, '2EQd2HrDEt4', 64, 147),
(259, 'aptdB5t0Br4', 65, 152),
(260, '', 65, 153),
(261, '', 65, 154),
(262, '', 65, 30),
(263, '', 65, 155),
(264, '', 66, 156),
(265, 'iKAQ4fvPIkw', 66, 157),
(266, '', 66, 158),
(267, '0XicDF0IlrY', 66, 159),
(268, '', 66, 160),
(269, 'R3EfVyBz3wM', 67, 152),
(270, '', 67, 161),
(271, '', 67, 162),
(272, '', 67, 30),
(273, '', 67, 160),
(274, '', 68, 165),
(275, 'z-zcE06aEN4', 68, 164),
(276, '', 68, 163),
(277, '', 68, 166),
(278, '', 68, 167),
(279, 'slpSY3GLulg', 69, 31),
(280, '0oFncny5vm0', 70, 31),
(281, 'cBCWUcTMJxw', 70, 32),
(282, '0KiRm2Ulh68', 71, 31),
(283, '', 71, 32),
(284, 'WX4HGYzUX5Q', 72, 31),
(285, '', 72, 168),
(286, 'FPX-E4vIWf4', 73, 31),
(287, 'jzKYEj5rJzo', 73, 169),
(288, 'fhntUU5RDkA', 74, 31),
(289, '06D5zSfofLU', 74, 170),
(290, 'sfeExEl_syg', 75, 50),
(291, '', 75, 13),
(292, '', 75, 171),
(293, '', 75, 172),
(294, '', 75, 173),
(295, 'https://www.youtube.com/watch?v=tJZY0eKyXa8', 76, 116),
(296, 'HclX6jOjjgc', 77, 31),
(297, 'http://youtu.be/Vq5aVp3x85U', 78, 127),
(298, 'http://youtu.be/x7vwDJtlTNo', 78, 128),
(299, 'http://youtu.be/UJi4dduSbHA', 78, 130),
(300, '', 78, 80),
(301, '', 78, 129),
(302, '', 79, 99),
(303, 'yCsmMziMfmk', 79, 176),
(304, 'W3AqYanNKSg', 79, 102),
(305, 'QFGFxF0xHDM', 79, 175),
(306, '', 79, 177),
(307, 'QAPQ3Ambqsk', 80, 116),
(308, '', 80, 134),
(309, '', 80, 135),
(310, 'Ggx1gbcV27g', 80, 136),
(311, '', 80, 119),
(312, 'https://www.youtube.com/watch?v=JXQpSL7jSFg', 81, 113),
(313, 'https://www.youtube.com/watch?v=8vXH4AxO_ek', 81, 15),
(314, ' https://www.youtube.com/watch?v=KPSphIHqFOM', 81, 91),
(315, 'https://www.youtube.com/watch?v=j9O9FP0WLd8', 81, 62),
(316, 'https://www.youtube.com/watch?v=hu9Pcwqdgl8', 81, 140),
(317, 'https://www.youtube.com/watch?v=JXQpSL7jSFg', 82, 113),
(318, 'https://www.youtube.com/watch?v=8vXH4AxO_ek', 82, 15),
(319, 'https://www.youtube.com/watch?v=KPSphIHqFOM', 82, 91),
(320, 'https://www.youtube.com/watch?v=j9O9FP0WLd8', 82, 62),
(321, 'https://www.youtube.com/watch?v=hu9Pcwqdgl8', 82, 140),
(322, 'UOcxCrxSZwE', 83, 31),
(323, ' https://www.youtube.com/watch?v=eGd300HXRLM', 84, 180),
(324, 'https://www.youtube.com/watch?v=Z3k0i7tcxL4', 84, 181),
(325, '', 84, 182),
(326, 'https://www.youtube.com/watch?v=RTUAyyUC85A', 84, 183),
(327, '', 84, 184),
(328, 'https://www.youtube.com/watch?v=5pCweGZsMnQ', 85, 99),
(329, 'https://www.youtube.com/watch?v=VIZ_uKZFu5Y', 85, 186),
(330, '', 85, 296),
(331, '', 85, 185),
(332, '', 85, 187),
(333, 'https://www.youtube.com/watch?v=KeiV5pT2o4M', 86, 50),
(334, 'https://www.youtube.com/watch?v=3hktZk-2zoE', 86, 31),
(335, 'https://www.youtube.com/watch?v=6HLCG0arJM8', 87, 50),
(336, 'https://www.youtube.com/watch?v=2vpCfnAjFIU', 87, 31),
(337, 'tvl5OrQlbo0', 88, 190),
(338, '-KPkkioxTXo', 88, 128),
(339, '', 88, 129),
(340, '', 88, 48),
(341, '', 88, 80),
(342, 'Z7kKGTDNhMk', 89, 85),
(343, '1d3NgeGqUAs', 89, 112),
(344, '_bCs6qxErCQ', 89, 140),
(345, 'iJvxCrAPJyg', 89, 188),
(346, '_NzgqfKLdbc', 89, 189),
(347, '_WSRggx_QbA', 90, 191),
(348, 'MZtJiEfLNCs', 91, 116),
(349, 'VwY-s6FJS9A', 92, 116),
(350, 'a4wXjKtf3hw', 93, 31),
(351, 'BkbZc5MUztg', 94, 31),
(352, '-SOVwnbmUAE', 95, 31),
(353, 'AJPLozvlq64', 95, 116),
(354, 't8ePhgUgx2g', 96, 127),
(355, '', 96, 80),
(356, '', 96, 129),
(357, '', 96, 128),
(358, 'zERcssniRIk', 96, 130),
(359, 'Us_YlkvmbJM', 97, 159),
(360, 'aA-f872BvmQ', 97, 160),
(361, '', 97, 155),
(362, '', 97, 156),
(363, '', 97, 192),
(364, 'LHeqvYanCuM', 98, 85),
(365, '4q2DHZY4d4s', 98, 136),
(366, '', 99, 193),
(367, '', 99, 194),
(368, '', 99, 195),
(369, '', 99, 196),
(370, 'OCkxE8aWpfk', 99, 197),
(371, 'wU8lZ0LED1w', 100, 3),
(372, 'SK_4y67Uw8U', 100, 4),
(373, 'OO9p-M9rbkU', 100, 5),
(374, 'J5DHtIMXp7M', 100, 198),
(375, '', 100, 199),
(381, 'nkbe2tXtTBQ', 101, 201),
(382, 'nMNWogZIibg', 101, 202),
(383, 'J4uqp7KsIt8', 101, 170),
(384, '', 101, 203),
(385, '', 101, 204),
(391, 'https://www.youtube.com/watch?v=9m9MGG0tMEk', 102, 102),
(392, '', 102, 205),
(393, '', 102, 206),
(394, 'https://www.youtube.com/watch?v=gksoH3AGGHs', 102, 207),
(395, 'https://www.youtube.com/watch?v=GhZ-Aaj91s8&amp;feature=youtu.be', 102, 208),
(396, 'https://www.youtube.com/watch?v=QZYmkbfUjZg', 103, 50),
(397, 'https://www.youtube.com/watch?v=HzhsyKkPMTg&feature=youtu.be', 103, 31),
(398, 'https://www.youtube.com/watch?v=Nmkf7qf2G-g&feature=youtu.be', 103, 8),
(399, 'IcN30f5yRM', 104, 209),
(400, 'RQBhThfXOjo', 104, 210),
(401, 'hQNlI-Op2aA', 104, 102),
(402, '_K4WyvRo73k', 104, 185),
(403, 'kch3pAgDNFA', 104, 211),
(404, '6_JUOeXT7Mc', 105, 198),
(405, '', 105, 213),
(406, 'wiV-C3hRmcE', 105, 5),
(407, 'X_pWlsu2URI', 105, 3),
(408, 'ae7H8c7rnsk', 105, 4),
(409, 'k1zoXAI_WPE', 106, 14),
(410, 'Ddwuz0CPv7k', 106, 189),
(411, 'I5uP2VAaXH0', 106, 139),
(412, 'L-K1JopwYeY', 106, 105),
(413, 'TaDXvvMDxO0', 106, 140),
(414, 'BqzxxMaioCE', 107, 50),
(415, '4HcqwuNbTLM', 107, 31),
(416, 'pi5Omt-Q0NI', 107, 8),
(417, 'https://www.youtube.com/watch?v=xzNtpTfA4ec&feature=youtu.be', 108, 50),
(418, 'https://www.youtube.com/watch?v=3FMawX9bFlY&feature=youtu.be', 108, 31),
(419, 'https://www.youtube.com/watch?v=3UDXkLiYD14&feature=youtu.be', 108, 8),
(420, 'https://www.youtube.com/watch?v=KC3yKvRVEoY&amp;feature=youtu.be', 109, 198),
(421, 'https://www.youtube.com/watch?v=HuinAwx696U', 109, 3),
(422, 'https://www.youtube.com/watch?v=UiSBZ5aEy8U&amp;feature=youtu.be', 109, 214),
(423, 'https://www.youtube.com/watch?v=gX336jomQH4&amp;feature=youtu.be', 109, 8),
(424, 'https://www.youtube.com/watch?v=_YPwXb0vqf4&amp;feature=youtu.be', 109, 215),
(425, 'gcEdrhR_G4E', 110, 216),
(426, '', 110, 217),
(427, '', 110, 218),
(428, '', 110, 219),
(429, '', 110, 80),
(430, '8Q3FU4g2Xeg', 111, 198),
(431, 'oFYQTGvpTtA', 111, 5),
(432, '', 111, 220),
(433, 'juwNDbIrtiA', 111, 3),
(434, 'ktfJkcmRQ50', 111, 223),
(435, 'hKmVr304WaU', 112, 50),
(436, 'c05HGFEoCKg', 112, 31),
(437, 'MxCniUvt9-Q', 112, 8),
(438, 'https://www.youtube.com/watch?v=0RlNvTdokzg&feature=youtu.be', 113, 50),
(439, 'https://www.youtube.com/watch?v=UxjlXzFdkm4&feature=youtu.be', 113, 31),
(440, 'https://www.youtube.com/watch?v=LCEgFGHrXDg&feature=youtu.be', 113, 221),
(441, 'https://www.youtube.com/watch?v=alsoVi5zWqc&feature=youtu.be', 114, 50),
(442, 'https://www.youtube.com/watch?v=gBq1He0HCOA&feature=youtu.be', 114, 31),
(443, 'OrFeg4409jk ', 115, 116),
(444, 'x9Nf8Mr90jI', 115, 105),
(445, '2NwVaMHQY3A', 115, 62),
(446, 'xwPermTJjIQ', 116, 85),
(447, '', 116, 62),
(448, '', 116, 76),
(449, 'WUwb8eBlLto', 117, 198),
(450, '', 117, 5),
(451, '', 117, 224),
(452, 'jUYTyz19nUU', 117, 3),
(453, 'BIaf5nA7lHw', 117, 4),
(454, 'ClKVROXJs1Y', 118, 160),
(455, '', 118, 225),
(456, '', 118, 152),
(457, '', 118, 192),
(458, '', 118, 157),
(459, 'HkSn19QmRok', 119, 228),
(460, 'dnnxdfLwVxs', 119, 229),
(461, 'eNNx8aY4Rnc', 120, 4),
(462, 'nAhw2Czgh0Q', 120, 3),
(463, '1-Xw66EUDDE', 120, 198),
(464, '', 120, 227),
(465, 'eNNx8aY4Rnc', 120, 226),
(466, '', 121, 99),
(467, '', 121, 230),
(468, '', 121, 231),
(469, '', 121, 232),
(470, 'ZOsZTlv2R2w', 121, 183),
(471, 'FjCGwiVtStE', 122, 160),
(472, '5SOkBImR-As', 122, 157),
(473, '', 122, 233),
(474, '', 122, 234),
(475, '', 122, 235),
(476, 'ljpfPw5FSKo', 123, 116),
(477, 'ALaniw8TxC8', 123, 105),
(478, '9Q_rWdHePWk', 123, 62),
(479, 'https://www.youtube.com/watch?v=VFeuZT5H5GQ', 124, 85),
(480, 'https://www.youtube.com/watch?v=9iA6VEVATKg', 124, 139),
(481, 'FMZr-cQvmzg', 125, 236),
(482, '', 125, 237),
(483, '', 125, 238),
(484, '08SB2UiiFwk', 125, 239),
(485, '', 125, 240),
(486, 'Q9pIzc9rGi8', 126, 139),
(487, 'hZxCWV8HZeY', 126, 242),
(488, 'LZRWWXx1jrE', 126, 241),
(489, 'wFBXFupgKv8', 127, 243),
(490, 'ggv_C3UFzrc', 127, 244),
(491, '', 127, 245),
(492, '', 127, 246),
(493, 'GBRTI_cJAAo', 128, 247),
(494, '', 128, 248),
(495, '', 128, 249),
(496, '', 128, 250),
(497, '', 128, 251),
(498, 'Be-SymdT_sE', 129, 252),
(499, '57B-tYtcyUI', 129, 253),
(500, '', 129, 255),
(501, '', 129, 254),
(502, '9YVX8bC0L8s', 129, 256),
(503, 'https://www.youtube.com/watch?v=BhK06kFerQo', 130, 85),
(504, 'https://www.youtube.com/watch?v=alwKgaL4Qak', 131, 127),
(505, '', 131, 80),
(506, 'https://www.youtube.com/watch?v=Oxdq3gyNxcQ', 131, 259),
(507, 'https://www.youtube.com/watch?v=1xmxbcZqIzE&feature=youtu.be', 131, 260),
(508, 'https://www.youtube.com/watch?v=q75o9C7ifyQ&feature=youtu.be', 131, 20),
(509, 'https://www.youtube.com/watch?v=j4MC2tFSNHI', 132, 85),
(510, 'https://www.youtube.com/watch?v=iPfos8N9Hdc&feature=youtu.be', 133, 50),
(511, '', 133, 52),
(512, '', 133, 8),
(513, '', 133, 12),
(514, '', 133, 261),
(515, 'https://www.youtube.com/watch?v=nwO3DJTqW10&amp;feature=youtu.be', 134, 31),
(516, 'https://www.youtube.com/watch?v=1ldcu2k0nsQ&amp;feature=youtu.be', 134, 50),
(517, 'https://www.youtube.com/watch?v=1mxOHgnC4P0&amp;feature=youtu.be', 134, 262),
(518, 'https://www.youtube.com/watch?v=rOfEV-1NPOo&amp;feature=youtu.be', 134, 34),
(519, 'https://www.youtube.com/watch?v=Qd9tCVHRpS8', 134, 8),
(520, 'https://www.youtube.com/watch?v=6JfHE44q5xY', 135, 14),
(521, 'https://www.youtube.com/watch?v=cSSR5e4VYMc', 135, 189),
(522, 'https://www.youtube.com/watch?v=i71cyUXNp24', 135, 105),
(523, 'https://www.youtube.com/watch?v=gTWczX_HdQA', 135, 139),
(524, 'https://www.youtube.com/watch?v=kfhFLPRUX1A', 135, 62),
(530, 'https://www.youtube.com/watch?v=KcXj6_1mox4&feature=youtu.be', 137, 12),
(531, 'https://www.youtube.com/watch?v=q6buAe9tQHs&feature=youtu.be', 137, 52),
(532, 'https://www.youtube.com/watch?v=XSefYA4O0Qg&feature=youtu.be', 137, 50),
(533, 'https://www.youtube.com/watch?v=6cij1xvUt2k&feature=youtu.be', 137, 261),
(534, 'https://www.youtube.com/watch?v=StLKQlA-Fvk&feature=youtu.be', 137, 8),
(535, 'AqogJDNHWnU', 138, 116),
(536, '5Q3vgTVP7xw', 138, 105),
(537, '5-TG0q1aPFQ', 138, 62),
(538, 'FG-ocGED1UI', 139, 14),
(539, 'VeYXgGqJo6U', 139, 189),
(540, 'LPdI9YKkJ4k', 139, 105),
(541, 'AsTSP69ZoRw', 139, 139),
(542, '-bB0PVcYOts', 139, 62),
(543, 'gsm2DKThi5M', 140, 270),
(544, 'sYU3sUu0Gwo', 140, 269),
(545, '', 140, 268),
(546, 'c-RB8Gm4tbo', 140, 267),
(547, '', 140, 271),
(548, 'Ep86d-JuzNo', 141, 85),
(549, 'Pkrl9fDM28M', 141, 139),
(550, 'CPP-ahmNhBY', 142, 127),
(551, 'RGiDLVVvrvQ', 142, 50),
(552, '36izr_0PxJk', 142, 273),
(553, 'a5Jj06iAV0M', 142, 272),
(554, '8f69nmAwcMI', 142, 130),
(555, '', 143, 276),
(556, '', 143, 275),
(557, '', 143, 274),
(558, '', 143, 277),
(559, 'qaposywLXm4', 143, 278),
(560, '', 144, 279),
(561, 'X3_unb4MsaM', 144, 280),
(562, 'PQ8NGZhibbc', 144, 281),
(563, 'gu9zIQ1fZgg', 144, 282),
(564, 'H8soFZP432Q', 144, 283),
(565, '29wh1VqHX-k', 145, 14),
(566, '', 145, 284),
(567, 'iwYeXCotPvg', 145, 50),
(568, '', 145, 84),
(569, '', 145, 241),
(570, 'ODeiyJeRLZs', 146, 93),
(571, '2JKho-6kSCc', 146, 285),
(572, '', 146, 286),
(573, '', 146, 287),
(574, '', 146, 288),
(575, 'IFY7r5emDm0', 147, 228),
(576, '5Y9Mk3GRbPA', 147, 289),
(577, 'xbbLi92ujWU', 147, 291),
(578, 'FWoKJlmlX7w', 147, 290),
(579, 'LRoUTNe3IEk', 147, 224),
(580, 'VDL6g8Dhos8', 148, 292),
(581, 'j0psYCID6Nw', 148, 293),
(582, '', 148, 294),
(583, '', 149, 209),
(584, '', 149, 295),
(585, '', 149, 297),
(586, 'h_BEKmZeKPc', 149, 183),
(587, '_SK6IR4VwIY', 149, 296),
(591, '', 151, 299),
(592, '', 151, 221),
(593, 'yur-MEHUdps', 151, 50),
(594, '', 151, 127),
(595, '', 151, 261),
(596, 'GT4Uc-fShYo', 152, 127),
(597, 'WMHH2U0yexk', 152, 85),
(598, '', 152, 273),
(599, 'X6ytiaJNvcU', 152, 301),
(600, '4DkugmBK8Uw', 152, 300),
(616, 'https://www.youtube.com/watch?v=qrzIwkX7v1M', 156, 260),
(617, 'https://www.youtube.com/watch?v=-T5_Z-sHGUA', 156, 302),
(618, '', 156, 223),
(619, 'https://www.youtube.com/watch?v=gre2gd8L6QM', 156, 303),
(620, 'https://www.youtube.com/watch?v=5jdnp6vQfvQ', 156, 270),
(631, 'http://youtu.be/s2UqNonfMAg', 159, 305),
(632, 'https://youtu.be/8IORw_maIxI', 159, 310),
(633, 'https://youtu.be/UeSh5U2F_Ik', 159, 309),
(634, '', 159, 308),
(635, 'https://www.youtube.com/watch?v=9WTtlJu2ATk', 159, 311),
(636, 'http://youtu.be/s2UqNonfMAg', 160, 305),
(637, 'https://youtu.be/8IORw_maIxI', 160, 310),
(638, 'https://youtu.be/UeSh5U2F_Ik', 160, 309),
(639, '', 160, 308),
(640, 'https://www.youtube.com/watch?v=9WTtlJu2ATk', 160, 311),
(641, 'wpbHCGe4f5g', 161, 270),
(642, 'urWKGOUvZSw', 161, 313),
(643, 'gdxfyE6xhSE', 161, 213),
(644, '18qUPuDSalg', 161, 314),
(645, 'shiXHR-nGKM', 161, 315),
(646, 'https://www.youtube.com/watch?v=MsYtLZiG8Zo', 162, 316),
(647, '', 162, 317),
(648, 'https://www.youtube.com/watch?v=HZoMnQYLNY4', 162, 318),
(649, '', 162, 319),
(650, '', 162, 320),
(651, 'u7L-p8pGAa8', 163, 321),
(652, 'bE3azcE5E0M', 163, 322),
(653, 'VNvbamG-lVU', 164, 323),
(654, '', 164, 317),
(655, 'Yq1H0QYcsnw', 164, 318),
(656, '', 164, 324),
(657, 'k9AcHpOb3lQ', 164, 320),
(658, 'A5K74cOm4TA', 165, 326),
(659, 'XAp26CofHCI', 165, 101),
(660, '5sMik_azK4A', 165, 325),
(661, 'QMZgssurN1U', 165, 327),
(662, '', 165, 328),
(663, 'CsHeMrtXjDw', 166, 180),
(664, '4bR3dagJaUs', 166, 101),
(665, '', 166, 325),
(666, 'R4K4_C5Y9mA', 166, 327),
(667, '', 166, 328),
(668, 'NddZLzGTGaY', 167, 180),
(669, 'KHJfIOstTk4', 167, 101),
(670, '7cTCVF1j7v8', 167, 325),
(671, 'APBUN-yZiyQ', 167, 208),
(672, '', 167, 328),
(673, 'OgpPV2aajsM', 168, 332),
(674, 'r0w5f6tvfyQ', 168, 261),
(675, 'OsMBnqKVvBM', 168, 45),
(676, 'X5C3HpaZ4Ns', 168, 190),
(677, 'G8Df6iVamG4', 168, 272),
(678, '6NFiqgQRT4Y', 169, 332),
(679, 'ALM2erXnk_I', 169, 261),
(680, 'ALwo51Owdws', 169, 45),
(681, '', 169, 190),
(682, 'sKcq8WZI-Tc', 169, 272),
(683, 'eeAQzAEA9WU', 170, 333),
(684, '', 170, 334),
(685, 'x-IlybJuiy4', 170, 207),
(686, 'HgsgbrP8LyQ', 170, 99),
(687, 'fzbbBlxydfU', 170, 335),
(688, '8PQrNQFNHwU', 171, 270),
(689, 'KM6HkscYd6k', 172, 14),
(690, '79M96DrBgH8', 172, 139),
(691, '88L0MuaXk3A', 172, 105),
(692, '7K-zTqmMIRw', 172, 138),
(693, 'PnFD-eZP9Zk', 172, 137),
(694, '8VUFwIDQv6o', 173, 336),
(695, 'zCvvFEJ31Qo', 173, 337),
(696, '', 173, 338),
(697, 'vyrj7bKJviM', 173, 339),
(698, '', 173, 340),
(699, 'Z044MHqILc4', 174, 341),
(700, '', 174, 342),
(701, '', 174, 344),
(702, 'fzIUe0UwIUg', 174, 345),
(703, 'r3ytHR7-6Ug', 174, 346),
(704, 'vMuYV8xUTXA', 175, 350),
(705, 'kw8bGYM0iQg', 175, 348),
(706, 'jIc6yZKuxAg', 175, 349),
(707, '5t3HwlQ_dnc', 175, 159),
(708, '', 175, 347),
(709, '5VVGmYBA4D8', 176, 351),
(710, 'owwDOcbhEmA', 176, 223),
(711, 'avg0wc2bHl4', 176, 315),
(712, 'KtjWtXj00cM', 176, 213),
(713, 'xFheIM8Xfnc', 176, 270),
(714, 'i8cH2wKaCRo', 177, 259),
(715, 'GlIBKiGJaQ0', 177, 223),
(716, 'Y9wtEwsAHsU', 177, 315),
(717, 'b2Nw1kT7V-Y', 177, 213),
(718, 'xLLm3VMuUQc', 177, 270),
(719, 'http://youtu.be/sf3IrZmhtsc', 178, 353),
(720, 'http://youtu.be/LZLm80JFtSQ', 178, 354),
(721, 'http://youtu.be/1ZRa6HBDy7E', 178, 226),
(722, 'http://youtu.be/Fs8C2F68i9c', 178, 355),
(723, 'http://youtu.be/nm83M3eopYA', 178, 198),
(724, 'm8vFyT1HHe4', 179, 270),
(725, 'http://youtu.be/Y7TL_esKJ9E', 179, 356),
(726, 'TSMgqKksgX0', 179, 351),
(727, 'Yf0O8wbkOL0', 179, 315),
(728, 's2WxctZQ0pk ', 179, 220),
(729, 'v_KbrTjL1rQ', 180, 146),
(730, 'https://www.youtube.com/watch?v=QeQglj5cEUg', 181, 316),
(731, 'https://www.youtube.com/watch?v=KYEP6iFGYyU', 181, 318),
(732, '', 181, 357),
(733, '', 181, 320),
(734, '', 181, 118),
(740, 'https://www.youtube.com/watch?v=toXrHvmV7nQ', 183, 358),
(741, 'https://www.youtube.com/watch?v=sPlHLxEsepY', 183, 259),
(742, 'https://www.youtube.com/watch?v=S9pqNigKBU0', 183, 4),
(743, 'https://www.youtube.com/watch?v=bb94l3qf0uQ', 183, 315),
(744, 'http://youtu.be/V_cea5Pj46k', 183, 353),
(745, '-SOVwnbmUAE', 184, 31),
(746, 'AJPLozvlq64', 184, 116),
(747, 'http://youtu.be/PXjg15h3P9U', 185, 359),
(748, '', 185, 360),
(749, '', 185, 361),
(750, 'https://www.youtube.com/watch?v=6G3uu3_Hcug', 186, 190),
(751, 'https://youtu.be/EzDq-q-JR6I', 186, 272),
(752, 'https://youtu.be/LYoSjNicAEY', 186, 45),
(753, 'https://youtu.be/by-CJtxXU6U', 186, 261),
(754, '', 186, 332),
(755, 'https://www.youtube.com/watch?v=WnyxbKu9L5E', 187, 362),
(756, 'https://www.youtube.com/watch?v=Hzn5R5VeqU4&feature=youtu.be', 187, 315),
(757, '', 187, 363),
(758, '', 187, 276),
(759, 'https://www.youtube.com/watch?v=p03NM6ZlUsg&feature=youtu.be', 187, 364),
(760, 'https://www.youtube.com/watch?v=y5cqXBMnVZo', 188, 223),
(761, 'https://www.youtube.com/watch?v=QpJO38Q-0fk', 188, 315),
(762, 'https://www.youtube.com/watch?v=b6uahlzZkzA', 188, 259),
(763, 'https://www.youtube.com/watch?v=VZwuP2IgzFg', 188, 213),
(764, 'https://www.youtube.com/watch?v=2JxMwtq5Jy0', 188, 270),
(765, 'http://www.youtube.com/watch?v=dKguZ6iZxbg', 189, 52),
(766, 'https://www.youtube.com/watch?v=ZbBieQsgZrA&feature=youtu.be', 190, 190),
(767, 'https://www.youtube.com/watch?v=z6kB1Vuf-k8', 191, 270),
(768, 'https://www.youtube.com/watch?v=q1f-F5w8lxg', 191, 365),
(769, '', 191, 366),
(770, '', 191, 367),
(771, 'https://www.youtube.com/watch?v=7fSenI_67Qc', 191, 303),
(772, 'http://youtu.be/QqJ4UMU1mlo', 192, 52),
(773, 'https://www.youtube.com/watch?v=TEWHn2ABnVA&feature=youtu.be', 193, 368),
(774, 'https://www.youtube.com/watch?v=BxtwrtF5bm4&feature=youtu.be', 193, 369),
(775, 'https://www.youtube.com/watch?v=Cwi8WTUWezg', 194, 190),
(776, 'https://www.youtube.com/watch?v=7h-zGmbhAPM', 195, 270),
(777, 'https://www.youtube.com/watch?v=uEAyofEPsAs', 195, 365),
(778, 'https://www.youtube.com/watch?v=nw3ETjDGDFs', 195, 351),
(779, '', 195, 347),
(780, 'https://www.youtube.com/watch?v=DYOpizZ940U', 195, 370),
(781, 'https://www.youtube.com/watch?v=fsUisKG-4Vk', 196, 52),
(782, 'https://www.youtube.com/watch?v=cqbASMz24OQ', 196, 190),
(786, 'http://www.youtube.com/watch?v=blxysDl2hio', 199, 52),
(788, 'https://www.youtube.com/watch?v=uNtTY9JV9hM', 201, 190),
(789, 'https://youtu.be/CzA2_YZ5a10', 202, 270),
(790, 'https://youtu.be/n9Z06E_Bc6w', 202, 267),
(791, 'https://www.youtube.com/watch?v=frLXXe4uNfQ&feature=youtu.be', 203, 368),
(792, '', 203, 369),
(793, 'https://youtu.be/yWZQZxOmpBA', 204, 359),
(794, '', 204, 371),
(795, '', 204, 372),
(796, 'https://www.youtube.com/watch?v=GcZEx8ELb6g&feature=youtu.be', 205, 190),
(797, 'https://www.youtube.com/watch?v=FFofZUCpI50&feature=youtu.be', 205, 331),
(798, 'https://www.youtube.com/watch?v=2yM8NOi9SLQ', 206, 373),
(799, '', 206, 374),
(800, '', 206, 376),
(801, 'https://www.youtube.com/watch?v=2E9E5el_h6M', 206, 377),
(802, 'https://www.youtube.com/watch?v=6lF08jimkl0', 206, 378),
(803, 'https://www.youtube.com/watch?v=KKWhdfJb558', 207, 379),
(804, 'https://www.youtube.com/watch?v=n5OATTAWEf4', 207, 336),
(805, 'https://www.youtube.com/watch?v=0-p5PktvYiE', 207, 338),
(806, 'https://www.youtube.com/watch?v=hdA8yrseiQo', 207, 339),
(807, 'https://www.youtube.com/watch?v=LeGpDuJpioY', 207, 380),
(808, '', 208, 381),
(809, 'http://www.youtube.com/watch?v=iTZY1yMLN_k', 208, 382),
(810, 'https://youtu.be/3MQRdNBS5jI ', 209, 359),
(811, '', 209, 383),
(812, '', 209, 384),
(813, 'https://www.youtube.com/watch?v=gFq6Cg58jXE', 210, 359),
(814, '', 210, 383),
(815, '', 210, 384),
(816, 'RHiuCkFWm1U', 211, 381),
(817, 'MEG7rQFzhAw', 212, 381),
(818, 'bUcJsdgYzpo', 212, 382),
(819, 'dYtVGyLDfcc', 213, 4),
(820, 'Pv84mCGU9-4', 213, 303);

--
-- Rajoitteet vedostauluille
--

--
-- Rajoitteet taululle `Characters`
--
ALTER TABLE `Characters`
  ADD CONSTRAINT `Characters_ibfk_1` FOREIGN KEY (`player`) REFERENCES `Players` (`ID`),
  ADD CONSTRAINT `Characters_ibfk_2` FOREIGN KEY (`profession`) REFERENCES `Professions` (`ID`);

--
-- Rajoitteet taululle `Instances`
--
ALTER TABLE `Instances`
  ADD CONSTRAINT `Instances_ibfk_1` FOREIGN KEY (`type`) REFERENCES `InstanceTypes` (`ID`);

--
-- Rajoitteet taululle `Paths`
--
ALTER TABLE `Paths`
  ADD CONSTRAINT `Paths_ibfk_1` FOREIGN KEY (`instance`) REFERENCES `Instances` (`ID`);

--
-- Rajoitteet taululle `PlayerGroups`
--
ALTER TABLE `PlayerGroups`
  ADD CONSTRAINT `PlayerGroups_ibfk_1` FOREIGN KEY (`groupID`) REFERENCES `Groups` (`ID`),
  ADD CONSTRAINT `PlayerGroups_ibfk_2` FOREIGN KEY (`player`) REFERENCES `Players` (`ID`) ON DELETE CASCADE ON UPDATE CASCADE;

--
-- Rajoitteet taululle `RecordGroups`
--
ALTER TABLE `RecordGroups`
  ADD CONSTRAINT `RecordGroups_ibfk_1` FOREIGN KEY (`record`) REFERENCES `Records` (`ID`) ON DELETE CASCADE ON UPDATE CASCADE,
  ADD CONSTRAINT `RecordGroups_ibfk_2` FOREIGN KEY (`groupID`) REFERENCES `Groups` (`ID`);

--
-- Rajoitteet taululle `Records`
--
ALTER TABLE `Records`
  ADD CONSTRAINT `Records_ibfk_1` FOREIGN KEY (`path`) REFERENCES `Paths` (`ID`),
  ADD CONSTRAINT `Records_ibfk_2` FOREIGN KEY (`category`) REFERENCES `Categories` (`ID`);

--
-- Rajoitteet taululle `Videos`
--
ALTER TABLE `Videos`
  ADD CONSTRAINT `Videos_ibfk_1` FOREIGN KEY (`record`) REFERENCES `Records` (`ID`) ON DELETE CASCADE ON UPDATE CASCADE,
  ADD CONSTRAINT `Videos_ibfk_2` FOREIGN KEY (`characterID`) REFERENCES `Characters` (`ID`);

/*!40101 SET CHARACTER_SET_CLIENT=@OLD_CHARACTER_SET_CLIENT */;
/*!40101 SET CHARACTER_SET_RESULTS=@OLD_CHARACTER_SET_RESULTS */;
/*!40101 SET COLLATION_CONNECTION=@OLD_COLLATION_CONNECTION */;
